season,holiday,workingday,temperature,humidity,windspeed,hour,weekday,rental_count
Winter,0,0,6.9,54.7,4.49,18,1,107
Summer,0,0,25.9,56.3,6.92,3,6,102
Fall,0,1,25.9,62.8,5.1,5,2,125
Winter,0,1,4.7,70.7,4.45,2,3,1
Fall,0,1,19.6,81.2,6.19,18,6,179
Winter,0,1,8.8,75.6,3.85,18,1,92
Winter,0,1,10.0,50.9,0.93,16,0,108
Winter,0,0,7.5,74.5,7.92,3,3,1
Spring,0,1,12.1,84.5,1.9,4,3,1
,0,1,26.1,49.9,3.27,1,0,130
Summer,1,1,28.6,,1.19,17,4,188
Spring,1,1,17.1,63.4,5.22,0,5,23
Spring,0,0,16.1,62.6,3.71,16,3,64
Winter,0,1,12.9,44.7,4.29,13,2,111
Winter,0,1,7.1,46.2,2.83,11,3,49
Winter,0,0,4.4,56.4,6.83,7,5,27
Summer,0,0,25.6,84.3,3.54,4,3,91
Fall,0,0,12.3,49.8,21.66,10,5,29
Summer,0,1,25.3,70.8,30.02,18,5,156
Fall,0,1,24.6,86.5,16.28,21,3,111
Summer,0,1,37.6,61.5,7.71,20,1,233
Winter,0,1,4.7,40.1,3.12,21,4,38
,0,1,3.1,64.8,12.87,20,0,1
Winter,0,0,12.5,40.8,1.46,5,3,40
Winter,0,0,6.3,80.9,4.8,7,0,53
Winter,0,1,3.0,83.4,83.62,10,1,11
Fall,0,1,18.9,47.7,3.83,5,4,111
Fall,0,1,19.6,,10.6,18,4,171
Winter,0,1,2.9,58.4,4.79,13,3,38
Spring,0,1,15.4,49.1,21.2,16,1,69
Summer,0,0,32.3,81.5,30.04,9,1,159
Fall,0,1,17.7,52.5,19.03,6,4,39
Summer,0,0,26.8,78.0,13.12,6,3,100
Winter,0,1,1.9,58.7,6.52,8,5,115
Spring,0,0,17.2,62.2,6.81,16,5,78
Spring,0,0,13.8,39.9,9.68,11,1,82
Spring,0,0,19.3,70.2,9.5,18,0,159
Winter,0,0,2.7,86.5,4.82,17,2,1
Spring,1,1,21.9,51.9,21.72,1,1,31
Spring,0,1,14.5,36.6,12.3,1,0,40
Summer,0,0,35.9,64.2,3.54,20,3,189
Fall,0,0,15.5,37.3,10.49,2,5,73
Winter,0,0,11.4,38.9,1.21,21,3,33
Spring,0,0,10.5,41.0,8.39,2,0,12
Winter,1,0,9.4,54.2,3.78,15,2,21
Fall,0,0,18.0,41.7,8.9,5,5,78
Summer,0,0,26.6,59.4,7.93,2,4,95
Spring,1,1,20.9,79.8,21.96,4,3,1
Fall,0,1,19.4,43.7,2.43,9,4,161
Fall,0,1,22.5,30.0,9.91,8,2,244
Summer,0,1,32.9,51.6,6.99,19,5,217
Spring,0,1,19.3,76.4,23.5,11,3,90
Fall,0,0,17.3,48.6,76.44,10,5,121
Fall,0,1,13.7,56.4,5.06,17,2,134
Winter,0,1,0.6,47.1,20.28,16,1,16
Spring,0,1,18.5,19.6,28.36,16,1,104
Fall,0,1,12.4,73.8,15.2,13,6,46
Spring,0,0,11.3,68.4,3.78,2,6,1
,0,1,19.6,61.1,8.17,3,1,66
Spring,0,1,18.7,56.6,13.94,17,1,129
Winter,0,1,-1.1,58.4,16.27,22,0,1
Fall,0,1,16.0,62.4,2.51,13,0,108
Fall,0,1,28.4,72.2,3.66,14,1,200
Fall,0,1,22.5,26.3,8.42,11,1,176
Fall,0,1,19.4,64.9,6.39,12,0,136
Summer,0,1,33.0,52.9,4.89,3,2,175
Fall,0,1,18.4,56.5,10.73,15,5,136
Spring,0,0,15.3,57.5,11.21,2,3,5
Summer,0,0,24.6,80.8,8.11,16,2,144
Spring,0,0,14.4,47.9,10.73,18,6,145
Spring,0,0,14.8,74.5,8.47,13,2,79
Winter,0,1,5.8,61.9,21.0,19,5,44
Fall,0,1,18.0,63.1,8.13,5,2,82
Winter,0,1,1.4,44.4,8.38,5,1,4
Fall,0,0,19.5,52.5,14.93,11,1,89
Fall,0,1,17.3,54.8,4.8,17,1,165
Winter,0,0,2.5,44.9,7.32,10,3,9
Fall,0,1,19.8,56.2,6.39,9,5,161
Summer,0,0,30.1,71.2,4.63,17,2,210
Fall,0,1,18.4,94.2,4.59,8,1,181
Fall,0,1,18.6,55.2,9.28,2,5,55
Summer,0,0,35.8,40.9,1.98,7,6,256
Fall,0,1,16.5,51.9,4.0,12,6,123
Summer,0,0,27.7,67.6,5.0,6,4,127
Fall,1,1,14.3,60.3,5.39,21,2,45
Summer,0,1,22.5,88.6,3.84,11,3,121
Fall,0,1,13.3,50.6,19.84,4,0,19
Fall,0,1,21.6,42.8,25.3,1,5,40
Spring,0,1,13.9,66.1,4.65,3,0,62
Winter,0,1,8.4,34.1,2.52,13,4,85
Winter,0,1,5.7,77.7,1.86,5,1,1
Summer,0,1,22.3,91.1,15.37,9,4,138
,0,1,17.0,60.0,11.36,17,3,146
Winter,0,1,6.9,51.7,8.48,19,6,72
Summer,0,1,26.4,55.8,4.89,14,6,184
Spring,0,1,18.4,65.1,6.31,13,4,99
Fall,0,0,13.4,61.9,14.04,20,3,24
Winter,0,1,9.8,85.0,7.23,8,5,84
Summer,0,1,30.7,45.5,15.57,8,5,220
Spring,0,1,19.3,42.0,23.8,12,2,108
Fall,1,1,17.5,84.3,6.23,23,6,42
Summer,0,1,26.3,,10.04,2,6,129
Spring,0,0,18.9,49.7,7.2,0,6,58
Spring,0,1,19.1,58.3,3.92,21,5,106
Spring,0,1,13.8,84.9,9.61,15,5,85
Fall,0,1,21.3,45.9,13.25,21,4,81
Fall,0,0,17.0,,4.46,0,3,53
Summer,0,0,26.6,58.3,6.25,11,1,162
Summer,0,1,23.5,57.2,8.35,20,6,116
Summer,0,0,26.5,67.7,8.44,14,0,149
Summer,0,1,22.5,47.2,5.13,15,5,154
Fall,0,1,19.2,58.4,21.48,17,0,132
Fall,0,0,,87.1,10.57,14,6,101
Fall,0,1,16.0,73.9,14.03,21,5,44
Winter,0,1,1.5,48.8,17.85,16,1,1
Fall,0,0,16.5,75.7,9.22,8,0,145
,0,1,31.3,56.4,24.66,0,0,132
Winter,1,1,5.9,55.3,1.16,10,6,24
Spring,0,1,22.1,68.9,1.9,5,6,80
Winter,0,1,4.0,46.7,17.23,15,1,17
Summer,0,1,21.7,55.4,6.69,14,4,143
Summer,0,0,26.3,58.5,7.52,0,0,69
Winter,0,1,8.6,57.9,10.49,3,0,1
Fall,0,1,15.0,62.3,3.2,14,6,116
Winter,0,0,6.1,55.4,11.04,0,0,1
Summer,0,1,30.3,60.3,7.68,23,0,141
Fall,0,1,19.1,70.6,14.48,0,3,55
Fall,0,1,23.4,64.6,2.69,11,6,133
Spring,0,1,18.3,50.8,5.24,5,5,90
Fall,1,0,14.2,52.0,7.09,2,1,33
,0,0,18.7,64.2,3.08,8,6,170
Spring,0,1,15.8,33.3,8.43,8,5,192
Summer,0,1,33.2,69.5,2.3,19,0,235
Winter,0,0,6.6,79.0,14.62,23,6,1
Summer,0,0,,59.2,10.1,1,1,148
Spring,0,1,8.9,45.1,12.21,23,5,79
Spring,0,1,19.5,41.1,4.56,2,5,89
Fall,0,1,12.9,51.1,21.21,6,5,34
Spring,0,0,19.6,54.7,11.28,20,0,77
Summer,0,1,35.4,63.1,2.12,1,5,163
,0,1,13.2,81.0,3.16,10,0,91
Fall,0,0,16.4,81.9,2.93,18,0,150
Spring,0,0,15.4,61.5,7.35,5,4,59
Summer,0,1,32.1,32.5,14.7,10,3,216
Summer,0,0,33.0,64.7,5.27,11,1,174
Winter,0,1,5.5,64.2,10.18,22,1,1
Summer,0,0,29.7,86.8,18.39,9,5,143
Spring,0,0,13.1,71.4,3.81,21,3,21
Summer,0,0,23.1,57.4,5.1,5,2,68
Summer,0,1,,86.8,7.64,13,0,114
Fall,0,0,18.4,40.3,13.44,7,3,144
Spring,0,1,17.5,42.0,3.72,0,6,84
Summer,0,1,28.1,71.3,15.89,19,4,151
Fall,0,1,25.3,,12.22,12,5,165
Summer,0,1,25.4,76.7,9.0,12,4,164
Winter,0,1,6.8,64.0,15.93,20,0,17
Summer,0,1,29.6,57.0,23.9,19,1,161
Winter,0,0,-1.1,95.8,79.59,3,4,1
Summer,0,1,22.9,72.0,26.73,1,2,49
Summer,0,1,25.1,79.7,3.37,4,0,84
Fall,0,1,15.4,61.7,7.45,20,0,94
Fall,0,1,17.7,73.8,10.94,5,2,69
Winter,0,0,3.7,61.6,9.13,6,2,1
Winter,0,1,-2.7,36.4,2.62,5,6,1
Summer,0,1,31.2,74.0,17.88,22,3,171
Summer,0,1,22.5,56.5,9.67,16,4,174
Fall,0,1,26.2,36.6,3.35,3,1,159
Winter,0,0,4.8,43.6,19.61,15,0,1
Spring,0,1,,75.7,7.27,23,6,66
Winter,0,1,2.0,81.1,2.6,14,3,41
,0,0,21.4,60.3,11.54,3,3,51
Spring,0,0,13.8,43.4,3.36,9,6,104
Summer,0,1,26.9,52.5,2.16,4,3,115
Winter,0,1,2.4,79.0,11.73,8,4,80
Summer,0,0,26.5,53.4,1.44,0,1,89
Spring,0,1,20.1,32.9,4.87,0,3,97
Fall,0,1,27.1,53.4,21.74,6,0,105
Winter,0,1,,66.0,31.94,16,2,42
Summer,0,1,27.7,30.0,4.32,11,3,209
Summer,0,0,27.9,50.8,1.89,4,6,132
Summer,0,0,27.7,75.5,5.76,23,2,129
Winter,0,0,5.8,80.1,9.27,21,4,1
Winter,0,1,-0.5,67.3,6.46,7,3,54
Summer,1,0,27.3,42.9,7.04,23,6,138
Winter,0,0,1.2,58.1,5.99,23,5,1
Spring,0,1,13.5,80.7,14.44,13,4,73
Summer,0,1,29.2,76.8,5.43,13,4,156
Fall,0,0,17.7,46.6,6.33,3,3,39
Fall,0,1,13.5,48.5,19.79,13,0,91
Fall,0,0,18.6,69.0,2.57,4,3,41
Summer,0,1,30.6,34.9,11.47,14,4,192
Winter,0,0,3.9,67.5,15.84,23,0,2
Winter,0,1,11.8,54.5,4.94,16,3,79
Winter,0,1,1.3,,9.69,10,5,1
Summer,0,1,25.3,89.7,2.24,20,1,114
Winter,0,0,4.8,75.4,10.9,21,2,1
Summer,0,1,21.0,60.2,5.06,18,4,186
Spring,0,1,17.1,72.7,4.97,11,1,96
Spring,0,1,19.7,45.7,4.57,14,4,193
Winter,0,1,5.8,57.8,2.36,8,4,123
Winter,0,1,5.4,,14.27,8,3,93
Summer,0,1,24.8,81.0,4.3,9,4,199
Fall,0,0,16.9,46.5,11.0,23,6,60
Summer,0,0,27.0,73.0,14.11,23,1,122
Winter,0,1,4.9,71.5,3.19,14,0,21
Spring,0,1,13.8,59.4,3.12,14,1,130
Summer,0,1,27.0,36.8,5.47,13,3,210
Winter,0,0,-0.2,86.1,14.08,22,6,1
Winter,0,0,7.9,40.8,9.78,3,0,8
Fall,0,1,13.1,73.6,15.55,22,4,61
Fall,0,1,24.6,75.4,17.75,15,5,115
Summer,0,1,26.1,89.3,14.32,5,0,51
Spring,0,1,15.4,23.6,7.37,0,5,106
Winter,0,1,3.5,60.3,17.23,13,4,1
Spring,0,1,14.7,50.8,10.89,15,5,117
Fall,0,1,16.3,67.9,2.73,6,3,79
Summer,0,1,25.1,71.7,6.3,15,5,175
Spring,0,0,22.1,68.7,6.29,17,4,160
Spring,0,0,18.0,79.5,13.41,0,4,17
Fall,0,1,19.4,71.5,20.47,9,3,137
Summer,0,1,29.0,34.4,21.57,7,6,180
Spring,0,1,13.6,69.1,4.69,14,0,101
Summer,0,1,26.5,63.7,24.75,12,3,113
Winter,0,1,2.8,50.5,14.1,18,1,68
Fall,0,1,19.1,72.6,8.21,23,6,100
Summer,1,1,25.5,44.0,3.63,1,0,74
Summer,0,1,32.3,54.9,3.45,22,2,195
Winter,0,1,5.3,58.0,2.32,16,6,30
Summer,0,1,29.9,51.0,5.38,0,0,130
Fall,0,0,14.6,64.4,13.31,3,4,42
Winter,0,1,2.8,63.1,13.99,17,1,56
Summer,0,1,34.7,60.1,8.97,15,5,227
,1,0,13.8,64.7,26.51,23,1,1
Summer,0,1,26.9,71.9,8.07,13,2,182
Winter,0,1,2.4,36.2,14.75,9,5,17
Fall,0,0,14.4,75.9,11.68,9,1,80
Summer,0,1,28.9,57.1,2.5,3,2,100
Winter,0,1,10.1,76.7,8.37,22,0,11
Spring,0,1,16.0,67.8,7.85,17,6,126
Summer,0,1,25.8,60.8,9.47,11,4,132
Fall,0,1,19.8,,5.29,4,4,61
Spring,0,0,21.5,55.3,1.38,20,2,130
Winter,0,1,12.0,80.5,19.19,20,5,1
Spring,0,0,23.6,91.7,7.87,22,1,96
Winter,0,0,3.8,,2.52,4,4,1
Summer,0,1,20.8,64.9,7.86,2,5,102
Winter,0,0,,40.3,12.41,19,4,1
Summer,0,1,26.6,49.7,8.31,2,4,133
Winter,0,0,8.3,62.6,2.26,3,4,11
Fall,0,0,19.0,73.1,9.52,22,0,93
Summer,0,0,23.7,55.6,4.63,18,1,206
Fall,0,0,19.7,73.4,7.88,12,1,119
Winter,0,1,1.5,75.5,2.48,13,2,50
Winter,0,0,-2.1,42.2,5.16,7,3,1
,0,1,27.0,58.5,2.73,0,6,158
Spring,0,0,17.7,57.8,30.24,21,5,23
Winter,0,0,-2.2,,2.26,0,6,1
Spring,0,1,15.9,78.4,12.29,2,0,45
Spring,0,1,14.3,50.2,10.03,8,2,159
Fall,0,1,23.7,47.5,11.98,7,4,207
Spring,0,1,14.9,69.9,20.2,7,5,59
Spring,0,1,19.4,88.3,1.0,12,3,101
Fall,0,1,11.7,66.7,6.15,19,6,82
Spring,0,1,19.2,,13.38,1,1,27
Spring,0,1,17.3,51.8,6.64,6,1,87
Fall,0,0,17.4,65.6,6.62,0,3,76
Winter,0,1,3.1,77.6,6.29,9,3,50
Summer,0,0,26.2,62.6,9.11,19,5,189
,0,1,29.7,82.0,23.7,22,4,97
Spring,0,1,16.6,60.0,10.39,13,5,119
Summer,0,1,32.8,60.9,4.89,14,0,195
Spring,0,0,19.0,65.5,3.08,3,1,79
Fall,0,1,17.0,61.3,9.78,17,4,161
Spring,0,1,14.4,55.1,10.51,15,5,97
Summer,0,0,24.5,38.8,8.37,11,3,182
Winter,0,1,5.1,39.8,9.23,2,6,3
Summer,0,1,26.6,66.4,13.91,21,0,127
Winter,0,0,,76.6,16.0,5,0,1
Fall,0,0,13.5,86.6,0.92,2,4,12
Spring,0,1,15.2,45.6,9.55,20,5,83
Summer,0,0,36.5,55.8,10.37,5,2,126
Fall,0,0,15.8,61.6,14.9,14,3,120
Summer,0,1,31.9,75.3,4.51,13,4,167
Spring,0,1,22.2,73.1,16.04,8,3,166
Summer,0,1,32.2,67.7,11.65,20,1,138
Fall,0,1,16.6,58.6,2.29,21,3,87
Fall,0,1,16.2,41.3,4.13,19,2,114
Summer,0,1,24.4,46.3,4.15,21,6,144
Summer,0,0,22.7,73.5,13.07,22,1,86
Summer,0,1,36.8,43.1,7.72,8,1,326
Summer,0,0,27.4,72.2,2.06,17,2,149
Fall,0,1,20.8,28.2,13.91,6,5,118
Winter,0,1,5.5,36.6,4.34,22,5,42
Spring,0,1,15.7,70.1,4.09,23,0,94
Fall,0,0,18.8,75.5,4.3,12,0,107
Spring,0,0,18.0,42.9,25.44,15,5,98
Spring,0,0,12.3,45.3,3.17,15,5,101
Winter,0,1,,68.4,17.34,11,3,21
Fall,0,0,,36.9,7.02,6,4,122
Summer,0,1,33.6,45.5,3.68,6,5,210
Winter,0,0,-5.4,72.6,3.82,13,3,1
Fall,0,1,19.3,56.0,19.17,23,0,83
Winter,0,0,1.6,65.0,8.8,7,6,1
Winter,0,1,6.3,47.7,2.19,0,3,9
Winter,0,0,4.7,48.9,4.07,15,2,59
Spring,0,1,20.7,88.7,6.6,0,3,56
,1,1,23.1,62.8,2.91,19,3,140
Spring,0,1,13.7,64.4,2.67,8,4,142
Fall,0,0,17.3,34.1,4.05,20,0,68
Fall,0,1,19.3,50.7,12.14,8,3,194
Summer,0,1,29.4,46.2,3.46,14,0,181
Spring,0,1,8.9,45.7,22.04,10,0,56
Summer,0,0,22.1,37.5,17.27,11,3,129
Spring,0,1,22.3,45.3,6.14,21,6,141
Fall,1,0,21.8,57.3,13.42,0,6,12
Summer,0,0,26.6,49.6,1.59,4,0,108
Spring,0,0,19.7,49.5,28.18,0,1,23
Fall,0,0,17.9,51.1,4.96,20,3,58
Summer,0,1,23.8,55.7,24.96,14,1,106
Summer,0,0,24.2,47.2,1.0,3,6,100
Fall,0,1,17.5,63.7,9.37,22,3,84
Summer,0,1,24.8,85.3,8.48,15,2,158
Spring,0,1,14.0,,9.31,12,4,113
Fall,0,1,19.7,73.1,0.91,8,5,200
Fall,0,1,15.5,62.2,21.62,5,0,1
Winter,0,1,6.0,53.9,6.46,7,4,58
Spring,0,1,11.7,49.2,9.55,9,6,89
Summer,0,1,28.8,58.0,14.13,23,1,169
Fall,0,1,18.1,78.7,33.0,10,3,47
Spring,0,1,15.7,61.1,25.97,10,1,77
Spring,0,1,17.1,52.8,13.83,5,6,86
Winter,0,1,3.4,76.9,16.6,7,0,27
Summer,0,1,24.6,58.8,18.15,7,3,168
Winter,0,1,0.2,55.6,2.66,3,4,1
Winter,0,1,8.3,49.6,21.97,16,0,27
Fall,0,0,20.7,39.7,3.66,14,2,166
Winter,0,1,12.2,64.5,10.95,3,0,19
Spring,0,1,10.2,47.2,12.42,2,4,25
Summer,0,1,31.7,49.6,3.2,14,2,218
Spring,0,0,16.8,52.0,8.37,9,2,103
Spring,0,0,19.5,35.8,6.03,7,2,159
Summer,0,1,25.5,65.5,8.31,14,0,158
Summer,0,1,27.6,67.3,4.06,9,2,221
Spring,0,1,11.1,69.4,15.44,10,3,78
Fall,0,0,20.3,58.3,1.61,8,2,166
Winter,0,1,12.4,71.9,1.3,4,4,54
Summer,0,1,19.6,75.8,4.99,15,1,122
Spring,0,1,14.8,34.5,28.26,16,0,92
Spring,0,1,13.4,59.4,5.09,4,6,44
Fall,0,0,20.2,39.9,18.97,2,5,64
Summer,0,1,29.6,81.0,9.46,13,5,166
Spring,1,0,20.7,70.0,1.15,18,3,115
Winter,0,0,-3.2,73.2,8.18,11,0,1
Winter,0,0,0.3,70.2,5.3,3,0,1
Fall,0,1,16.2,100.0,10.08,6,6,44
Spring,0,1,9.6,76.2,4.28,23,0,31
Spring,0,1,14.2,59.5,5.04,6,1,87
Fall,0,0,19.9,28.8,4.06,14,4,125
Fall,0,0,13.1,97.6,14.23,11,0,10
Spring,1,0,17.4,56.7,14.62,8,4,152
Winter,1,0,1.8,58.7,14.69,12,0,1
Spring,0,1,7.3,75.3,2.76,7,2,58
Winter,0,1,9.8,80.3,10.42,13,2,41
Fall,0,0,14.7,37.5,3.15,21,0,111
Summer,0,1,31.7,61.7,27.06,1,5,112
Winter,0,0,3.4,47.6,2.64,21,2,10
Winter,0,1,4.0,38.9,10.47,0,2,1
Spring,0,1,16.2,78.3,10.0,17,2,121
Spring,0,1,17.7,45.2,13.82,11,6,97
Winter,1,1,6.8,55.9,7.79,5,2,1
Winter,0,1,6.4,48.9,2.88,6,6,34
Winter,0,1,14.3,53.8,11.24,6,4,101
Spring,0,0,11.9,65.6,13.74,22,5,35
Fall,0,0,18.8,68.4,4.55,19,0,156
Summer,0,1,26.0,56.6,19.67,1,6,115
Fall,0,1,19.5,70.5,6.58,14,5,124
Spring,0,1,14.7,82.4,6.92,20,6,56
Fall,0,0,15.4,42.0,5.61,5,5,49
Spring,0,1,16.8,37.5,13.24,6,3,60
Summer,0,1,26.3,64.5,15.44,0,1,131
Spring,0,1,15.0,35.2,6.43,2,3,100
Winter,0,0,-4.8,64.8,11.92,20,0,1
Summer,0,1,31.0,80.2,24.61,9,6,187
Summer,0,1,28.2,35.3,4.97,20,5,175
Summer,0,1,28.4,48.6,17.25,6,6,147
,0,1,21.3,39.0,17.4,13,1,124
Fall,0,1,12.4,47.1,9.18,12,2,142
,0,1,9.9,43.4,12.36,8,1,121
Summer,0,1,22.5,79.5,19.11,15,5,104
Fall,0,1,21.8,42.9,17.03,3,2,89
Fall,0,1,17.5,54.2,10.72,21,1,85
Summer,0,0,32.4,52.8,19.27,0,5,153
Spring,0,0,15.1,55.6,1.94,8,5,162
Winter,0,0,4.4,68.8,6.26,8,2,47
Summer,0,0,32.6,97.4,12.6,3,4,115
Summer,0,0,21.8,56.4,12.02,3,3,67
Summer,0,0,26.3,56.2,26.4,22,2,134
Winter,1,1,,75.9,11.27,7,1,2
Fall,0,1,20.2,59.4,7.23,11,4,139
Winter,0,1,2.7,71.4,1.32,22,3,1
Spring,0,0,18.5,71.6,9.38,11,6,120
Summer,0,1,27.3,53.1,8.29,6,1,114
Summer,0,0,20.1,58.6,21.52,19,3,115
Summer,0,1,19.5,64.4,43.45,23,4,14
,0,0,8.6,41.8,17.88,23,0,1
Spring,0,1,14.0,34.8,12.49,22,2,69
Spring,0,0,18.9,69.9,15.75,9,5,129
Winter,0,1,4.2,46.9,7.57,11,4,53
Spring,0,1,20.4,52.4,8.19,12,1,128
Winter,0,1,2.1,55.1,6.56,13,6,13
Summer,0,1,32.7,75.2,6.2,4,4,148
Winter,0,1,7.0,78.8,11.12,21,3,48
Fall,0,1,22.2,60.3,7.42,13,6,154
Fall,0,0,,54.8,8.21,11,0,109
Summer,0,1,22.4,79.5,2.82,6,4,103
Fall,0,1,13.5,46.8,15.54,10,4,98
Spring,0,1,17.3,65.7,4.87,17,6,138
,0,0,17.8,59.4,12.47,14,0,83
Summer,0,0,27.3,39.2,7.05,22,5,142
Summer,0,1,21.8,19.3,23.89,6,4,85
Spring,0,0,16.8,57.0,18.21,23,6,55
Summer,0,1,26.5,62.6,6.49,1,5,158
Fall,0,0,17.4,61.3,19.72,4,3,27
Fall,0,1,17.3,60.4,6.09,1,6,112
Fall,0,1,16.2,52.7,24.32,22,2,75
Spring,0,0,11.9,39.4,23.04,19,3,85
Winter,0,1,6.6,78.7,6.25,3,0,1
Spring,1,1,18.2,75.1,4.19,23,5,81
Summer,0,1,,47.2,11.96,8,0,200
Spring,0,0,13.4,54.8,9.71,15,0,71
Summer,0,1,22.3,65.0,1.3,3,4,82
Spring,0,1,17.8,68.4,3.71,9,2,132
Winter,0,1,9.9,,8.88,6,5,1
Winter,0,0,2.9,24.4,14.27,17,6,40
Spring,0,1,15.3,78.2,10.14,21,0,59
Spring,0,0,,43.1,0.8,5,3,78
Fall,0,0,23.4,68.1,21.23,4,6,33
Fall,0,1,15.1,63.5,7.07,5,0,48
Fall,0,0,13.6,27.3,1.18,12,4,110
Summer,0,1,27.6,69.7,3.2,14,2,204
Winter,0,1,1.2,58.3,8.5,20,5,1
,0,1,12.1,74.5,45.71,18,2,66
Summer,0,1,32.8,33.0,18.11,3,5,194
Winter,0,0,0.5,44.8,1.33,14,3,33
Spring,0,0,18.1,66.0,44.01,1,2,1
Spring,0,1,10.4,57.8,7.18,17,4,88
Fall,0,0,20.7,75.5,22.8,22,3,34
Summer,0,1,29.0,60.0,12.14,0,1,102
Fall,0,1,11.9,41.8,9.17,6,1,59
Spring,0,0,13.8,65.8,6.56,6,0,36
Summer,0,1,28.6,73.7,3.7,6,4,157
Winter,0,0,11.9,47.5,31.96,15,3,40
Fall,0,1,13.0,43.8,1.76,10,4,103
,0,1,11.2,47.7,11.12,22,3,43
Winter,0,1,5.2,49.4,1.81,8,6,121
Spring,0,1,,55.8,19.44,8,5,136
Spring,0,1,12.8,47.5,15.73,21,5,59
Spring,0,1,17.7,61.5,7.11,21,2,119
Spring,0,1,14.2,79.6,2.92,22,4,58
Spring,0,0,20.9,82.1,6.12,11,6,113
Fall,0,1,22.8,47.2,4.07,12,5,174
Summer,1,1,21.9,69.5,5.21,22,6,100
Winter,0,0,10.5,71.2,6.04,9,5,73
Spring,0,1,,74.7,10.93,3,0,15
Summer,0,1,30.9,68.1,1.92,22,0,169
Winter,0,1,6.9,78.8,10.01,2,5,1
Summer,1,0,28.7,48.7,13.49,0,3,76
Fall,0,1,24.8,67.0,13.73,17,4,153
Fall,0,0,13.6,55.9,6.03,11,5,97
Winter,0,0,5.5,48.4,12.0,8,3,80
Spring,0,1,9.9,29.9,12.08,15,0,89
Winter,0,1,7.3,70.7,7.35,22,0,32
Spring,0,1,18.5,45.4,4.67,11,3,160
Spring,1,1,13.9,52.3,5.67,8,2,126
Spring,0,0,13.0,44.6,4.31,6,5,67
Fall,0,1,16.6,67.1,10.46,10,4,102
Spring,0,1,11.4,55.9,4.95,7,6,64
Fall,0,1,21.8,65.3,12.89,9,4,96
Fall,0,1,17.2,77.3,7.43,12,5,108
Summer,0,1,28.7,77.8,16.31,12,5,134
Winter,0,1,12.3,45.6,2.85,13,4,107
Spring,0,1,15.9,68.2,37.75,0,2,1
Winter,0,0,1.7,67.9,6.3,4,3,1
Summer,0,0,24.3,41.2,16.59,13,0,129
Fall,0,1,24.1,80.4,1.78,21,2,111
Winter,0,0,-1.4,67.4,1.61,19,1,14
Summer,0,0,24.4,47.3,10.34,23,6,96
Winter,1,0,8.8,60.9,8.73,11,5,11
Spring,0,1,11.4,47.3,7.23,3,3,38
Summer,1,0,25.7,67.7,10.6,5,6,56
Winter,0,1,9.6,54.6,12.55,6,4,12
Spring,0,1,14.1,63.6,1.99,0,5,61
Winter,0,1,9.4,50.7,11.87,21,0,53
Fall,0,1,20.5,69.7,5.47,9,0,173
Summer,0,0,28.6,76.0,10.21,3,4,112
Fall,0,0,17.1,56.4,4.95,19,3,103
Summer,0,1,28.6,69.5,6.39,1,6,109
Summer,0,1,34.7,45.4,6.43,13,4,231
Fall,0,1,18.2,59.2,19.32,15,5,98
Summer,0,1,26.2,43.6,15.75,2,0,97
Spring,0,0,17.5,51.5,12.45,5,0,26
Summer,0,1,24.7,80.8,16.38,17,3,185
Summer,0,1,38.4,33.2,2.26,15,3,276
Summer,0,1,33.5,60.9,1.3,0,3,168
Summer,0,1,21.4,31.2,11.46,17,4,140
Summer,0,1,31.5,83.7,4.57,22,6,186
Winter,0,1,-0.3,76.5,26.09,19,2,1
Spring,0,0,23.2,57.9,8.06,22,6,103
Fall,0,0,22.0,76.7,3.17,14,2,93
Summer,0,1,30.6,26.5,13.02,18,1,265
Winter,0,1,5.4,57.2,6.98,2,2,13
Spring,0,1,17.4,68.0,11.36,8,1,182
Spring,0,1,17.2,56.2,4.9,22,5,74
Winter,0,1,1.6,28.8,12.77,6,4,13
Fall,0,0,17.0,64.7,23.44,12,0,75
Fall,0,1,18.1,89.3,7.06,0,2,34
Fall,0,1,7.0,34.8,41.78,10,0,7
Fall,0,1,,66.2,2.85,18,0,143
Summer,0,1,24.1,65.4,10.36,16,5,132
,0,1,20.3,83.2,13.09,22,2,56
Spring,0,0,11.8,53.3,6.95,6,1,50
Summer,0,1,23.8,63.3,23.02,7,5,125
Summer,0,1,23.9,10.0,3.09,8,6,267
Summer,0,0,28.8,80.1,18.48,5,2,67
Spring,0,1,17.4,39.5,19.01,10,1,100
Spring,0,1,14.0,78.0,9.0,13,6,121
Fall,0,1,24.6,61.7,21.29,19,6,143
Fall,0,1,13.5,47.4,17.66,21,5,42
Summer,1,1,27.8,74.3,11.99,14,6,107
Summer,0,1,22.0,57.0,0.79,14,6,127
Spring,0,1,15.3,73.2,84.41,9,6,157
Summer,0,1,27.2,37.8,5.4,18,5,287
Fall,0,1,19.1,63.5,2.16,9,3,178
Winter,1,0,3.0,73.6,15.78,22,0,1
Summer,0,0,32.9,89.2,2.35,18,3,247
Fall,0,1,17.4,84.0,11.47,18,4,144
Spring,0,1,16.8,74.3,10.36,17,0,150
Spring,0,0,3.7,68.0,22.42,8,3,39
Summer,0,0,26.3,62.9,6.24,21,6,145
Fall,0,1,26.2,46.5,37.97,19,3,135
Winter,0,0,17.2,64.7,5.71,19,3,117
Summer,0,1,22.0,59.0,9.94,4,2,65
Spring,0,1,11.5,63.4,9.21,9,6,57
Winter,0,1,5.8,65.5,4.91,12,5,45
Fall,1,0,17.7,72.8,9.01,8,6,136
Fall,0,1,10.2,77.5,10.73,16,0,30
Spring,0,1,14.4,58.0,3.28,5,6,51
Winter,0,0,5.4,37.8,10.18,23,0,1
Winter,0,0,,76.4,4.97,5,2,1
Fall,0,1,19.1,55.6,4.57,21,2,112
Summer,0,1,25.2,50.4,6.1,17,4,194
Summer,0,1,27.8,56.2,11.02,5,5,116
Fall,0,1,,41.8,0.49,18,0,239
Fall,0,1,24.7,69.8,4.69,5,2,68
Spring,1,0,11.7,53.7,0.91,19,6,86
Winter,0,0,,69.3,12.76,3,0,1
Summer,0,1,26.6,41.4,7.96,16,2,172
Summer,0,1,26.6,45.0,9.07,15,5,154
Winter,0,1,6.0,60.4,23.94,8,5,54
Spring,0,0,20.0,72.7,10.94,9,5,142
Fall,0,1,22.6,88.0,3.46,3,5,72
Spring,0,1,13.0,53.0,4.75,7,6,124
Summer,0,1,27.6,73.8,17.33,1,6,123
Fall,0,1,24.0,61.8,7.78,8,2,215
Summer,0,1,21.4,,23.58,12,6,98
Winter,0,0,5.4,72.8,9.62,12,0,1
Fall,0,1,23.6,55.8,6.44,12,1,213
Winter,0,0,1.0,54.0,8.37,5,1,1
Winter,0,0,3.7,59.2,2.25,6,2,15
Fall,0,1,26.7,48.7,3.51,13,0,191
Fall,0,1,13.5,100.0,3.09,13,6,68
Summer,0,1,29.5,30.7,8.41,2,5,147
Summer,0,1,29.3,76.7,6.85,10,1,183
Summer,0,0,,37.8,10.16,0,1,127
Spring,0,1,9.9,85.6,0.82,16,1,37
Summer,0,1,28.8,38.2,7.29,12,1,175
Winter,0,0,0.1,88.9,10.48,2,5,1
,0,1,21.3,84.3,10.09,8,1,183
Winter,0,1,-1.1,51.8,12.06,1,5,1
Winter,0,1,14.4,60.5,8.45,17,4,133
Fall,0,1,10.3,78.3,6.36,15,1,98
Spring,0,0,15.1,76.2,13.78,8,5,104
Spring,0,0,8.4,64.6,10.82,11,5,28
Winter,0,0,4.3,50.8,3.68,6,6,17
Winter,0,0,9.4,71.6,13.7,10,6,58
Winter,0,1,0.4,57.2,10.78,1,3,1
Summer,0,1,23.2,74.9,3.21,12,4,124
Spring,0,1,20.5,58.1,3.05,6,0,145
Winter,0,0,0.4,52.7,5.65,14,6,29
Fall,0,0,18.1,59.9,14.35,7,1,124
Summer,0,1,24.4,30.7,4.28,1,2,112
Spring,0,1,12.5,58.2,12.73,4,0,13
Spring,0,1,18.4,64.6,16.29,19,6,144
,0,1,17.0,55.6,2.49,0,2,51
Winter,0,1,6.4,75.5,1.57,17,0,52
Fall,0,0,15.3,45.8,6.5,6,3,89
Summer,0,1,24.7,42.4,4.4,18,0,229
Winter,0,1,4.8,70.5,7.7,13,3,47
Winter,0,1,12.9,80.4,6.16,20,1,31
Spring,0,1,8.8,37.9,10.77,18,0,180
Winter,0,0,6.4,67.5,3.91,3,3,1
Summer,0,1,31.2,67.0,6.18,14,2,200
Winter,0,0,8.4,38.4,9.04,21,2,31
Fall,0,1,20.0,75.3,2.83,14,2,171
Spring,0,1,11.5,47.3,7.96,23,2,51
Spring,0,0,18.1,87.4,1.93,17,1,111
Winter,0,1,4.1,42.7,3.92,3,4,1
Spring,0,1,15.6,57.4,27.73,7,1,100
Fall,0,0,14.3,45.0,10.59,21,1,56
Fall,0,1,23.7,53.3,5.77,4,3,106
Winter,0,1,10.1,49.8,11.43,1,6,6
Spring,0,0,10.8,37.0,3.82,15,2,75
Fall,0,1,15.2,65.2,1.59,9,1,117
Spring,0,1,20.2,69.8,15.53,1,3,71
Summer,0,1,23.6,66.6,4.55,21,3,167
Winter,0,1,8.8,25.3,23.46,8,3,116
Summer,0,1,28.2,45.9,22.18,11,5,140
Winter,0,0,6.6,61.6,6.47,17,5,50
Winter,0,1,-1.8,83.1,8.61,15,2,1
Summer,0,0,27.9,35.5,8.74,12,6,197
Summer,0,1,27.9,97.2,10.69,22,0,91
Winter,0,1,4.3,39.0,7.58,3,0,26
Summer,0,1,31.2,,8.77,7,0,210
Winter,0,1,8.9,68.9,13.21,17,2,88
Spring,0,1,20.1,69.3,7.17,1,1,58
Fall,0,1,19.0,38.6,9.21,15,3,163
Summer,0,1,26.3,66.0,10.66,7,3,193
Summer,0,1,23.7,65.2,6.61,2,6,103
Spring,0,1,18.3,73.7,7.63,11,1,96
Summer,0,1,26.5,51.3,2.55,15,6,162
Spring,0,1,17.9,59.7,10.78,0,4,51
Summer,0,0,29.0,52.6,4.0,6,3,168
Spring,0,1,17.8,85.8,10.65,9,3,115
Fall,0,1,,67.6,23.22,10,3,100
Summer,0,0,,35.7,15.91,1,2,91
Winter,0,1,-1.9,81.3,13.04,2,1,1
Summer,0,1,21.3,62.2,16.29,12,3,132
Spring,0,1,15.6,61.1,25.0,1,4,29
Summer,0,1,27.4,79.5,6.28,12,5,164
Spring,1,1,,64.3,12.81,9,2,78
Summer,0,1,30.7,75.6,9.34,16,5,190
Spring,0,0,11.7,58.3,13.8,16,1,96
Spring,0,0,13.8,63.6,3.98,2,6,24
Spring,0,1,10.5,73.2,6.62,0,3,15
Summer,0,1,23.6,40.6,11.26,21,1,97
Spring,0,1,14.8,68.7,6.6,2,3,46
Summer,0,1,24.9,48.1,18.81,18,1,196
Winter,0,1,0.5,23.0,16.0,5,0,1
Spring,0,1,15.4,82.1,15.69,9,1,68
Spring,0,1,21.1,94.3,17.18,23,3,69
Summer,0,1,22.0,75.1,18.55,21,5,105
Summer,0,1,27.1,46.6,36.56,20,5,81
Winter,0,1,4.5,67.6,0.5,22,2,23
Summer,0,0,28.9,70.5,7.77,8,0,233
Winter,0,1,-3.0,52.1,12.3,14,6,1
Spring,0,1,27.2,59.5,8.01,17,3,168
Spring,0,0,5.1,60.0,6.71,5,6,1
Winter,0,0,4.7,36.0,6.52,18,4,128
Fall,0,1,19.9,40.8,3.23,23,5,141
Summer,0,1,21.7,54.1,1.7,2,1,70
Winter,0,1,0.5,,3.43,16,4,24
Spring,0,1,19.4,61.9,21.34,4,1,38
Summer,0,1,25.5,77.7,3.57,20,0,111
Summer,1,1,24.6,51.4,9.18,7,1,173
Spring,0,1,14.5,25.2,7.37,15,3,165
Summer,0,1,31.5,67.0,3.49,7,1,201
Summer,0,1,33.3,74.3,6.53,1,6,140
Fall,0,1,21.3,79.2,2.62,7,2,175
Summer,0,1,29.1,83.4,13.5,14,6,147
Winter,0,1,5.8,57.3,5.08,7,2,72
Spring,0,1,15.0,60.4,6.82,18,2,152
Spring,0,0,12.0,43.6,2.35,21,4,60
Summer,0,0,29.8,37.9,4.96,23,2,149
Fall,0,1,13.6,76.7,1.3,21,2,80
Summer,0,1,,58.5,4.6,10,4,249
Spring,0,1,11.3,81.5,12.01,22,0,35
Spring,0,0,12.9,75.4,3.94,22,3,1
Spring,0,1,16.2,79.5,17.29,19,3,74
Winter,0,0,6.0,54.2,8.35,8,5,112
Summer,0,0,21.2,54.5,12.04,7,1,136
Fall,0,0,,51.9,5.82,1,3,66
Fall,0,1,18.2,78.4,86.21,8,3,142
Spring,0,1,21.1,65.4,0.96,5,4,69
Spring,0,0,14.1,74.3,5.59,16,5,101
Fall,0,0,14.3,65.4,11.54,8,2,131
Summer,0,1,30.9,92.0,8.86,20,0,178
Spring,0,0,9.7,63.8,26.73,13,2,16
Summer,0,1,30.6,,2.53,1,2,130
Spring,0,1,15.9,39.3,7.49,19,3,152
Summer,0,1,30.1,72.8,4.01,17,1,208
Spring,0,1,,61.2,5.17,10,5,137
Summer,0,1,30.2,43.3,7.87,18,0,268
Spring,0,1,19.9,87.2,5.95,14,3,115
Fall,0,1,23.0,71.6,4.87,19,0,154
Fall,0,0,20.7,64.1,16.06,0,0,45
Summer,0,1,31.2,58.0,10.79,14,0,212
Summer,0,0,24.8,44.6,15.94,3,2,66
Summer,0,1,30.9,58.0,10.62,9,4,219
Fall,0,1,19.7,63.4,11.05,1,2,46
Summer,0,0,,68.5,43.9,1,3,12
Summer,0,1,34.7,70.4,8.82,7,3,211
Winter,0,1,-0.9,28.9,2.84,18,0,116
Winter,0,0,2.8,62.5,14.85,12,1,1
Fall,0,0,17.3,73.9,31.1,22,5,12
Fall,0,1,13.3,63.5,18.75,7,5,70
Winter,0,0,6.1,54.4,7.42,8,3,101
Winter,0,1,11.8,72.8,15.35,10,4,56
Fall,0,1,22.8,68.4,12.5,2,3,65
Summer,0,1,37.1,,5.64,6,0,191
Summer,0,1,20.3,62.8,2.93,19,6,160
Winter,1,1,5.5,70.3,3.58,0,0,1
Fall,0,0,13.8,48.0,2.04,18,0,187
Fall,0,1,18.7,51.3,49.51,11,5,46
Fall,0,1,16.8,44.2,7.25,4,6,69
Fall,0,1,20.8,49.0,14.14,16,0,144
Summer,0,0,30.9,70.1,7.43,22,2,161
Fall,0,1,20.9,61.5,7.78,9,3,174
Winter,0,1,1.9,79.4,9.57,1,3,1
Fall,0,0,17.7,48.6,16.52,11,4,76
Summer,0,1,,100.0,26.38,14,3,122
Summer,0,1,28.8,35.0,26.29,16,3,160
Spring,0,1,14.2,77.1,4.95,0,4,39
Fall,0,1,15.5,71.2,6.95,1,3,33
Summer,0,1,18.8,51.0,10.44,22,0,83
Summer,0,1,32.5,62.1,10.22,18,5,242
Winter,0,1,5.5,72.1,10.87,0,6,1
Summer,0,1,,34.0,10.12,23,3,158
Summer,0,1,23.5,71.3,16.12,0,5,93
Summer,0,1,24.4,71.5,14.23,5,2,70
Winter,0,1,9.4,71.7,19.56,16,4,31
Winter,0,1,3.4,67.9,11.46,4,0,1
Fall,0,1,16.2,69.0,5.16,9,1,120
Fall,0,1,18.9,90.3,7.06,22,3,49
Fall,0,1,11.7,65.1,6.8,5,0,48
Summer,0,1,26.8,72.4,11.19,8,5,265
Summer,1,0,31.6,48.0,15.17,12,5,161
Fall,0,1,10.1,67.6,8.74,3,2,18
Spring,0,0,10.5,74.6,1.15,16,5,89
Spring,0,1,16.8,42.7,1.79,4,0,98
Summer,0,1,27.2,57.9,5.4,8,6,258
Summer,0,1,27.2,55.9,8.99,3,1,124
Spring,1,1,10.1,73.9,1.24,18,4,81
Spring,0,1,20.7,65.1,2.02,9,2,155
Summer,0,1,31.4,72.0,6.05,3,3,108
Fall,0,1,9.3,57.1,11.77,9,1,115
Spring,0,1,15.4,72.1,19.93,2,6,1
Summer,0,0,30.4,48.0,3.95,17,0,206
Fall,1,1,24.9,62.5,12.02,17,2,142
Fall,0,1,18.0,59.8,26.18,3,5,34
Summer,0,1,36.1,67.8,1.95,1,3,177
Winter,0,0,2.5,64.8,1.73,23,3,1
Winter,0,1,10.8,67.0,75.41,23,1,21
Spring,0,0,11.9,33.2,7.12,10,2,70
Winter,0,1,4.8,35.2,0.74,23,4,22
Winter,0,1,0.9,65.2,8.37,2,0,1
Summer,0,1,35.5,61.1,23.82,6,3,175
Fall,0,1,15.0,42.0,5.6,8,1,192
Summer,0,0,29.9,52.7,7.06,10,0,200
Spring,0,0,11.1,67.8,9.29,20,5,54
Fall,0,0,12.1,46.2,7.12,13,4,104
Summer,0,1,26.0,37.4,2.84,21,6,175
Winter,0,0,5.9,84.3,5.74,23,2,1
Summer,0,1,28.2,47.8,27.75,12,1,150
Winter,1,1,0.6,39.2,12.79,7,0,5
Summer,0,1,25.8,52.2,16.91,12,5,192
Summer,0,0,32.5,63.9,7.79,13,6,198
Summer,0,1,29.5,55.2,21.82,1,6,118
Winter,0,1,8.7,63.5,15.2,18,1,108
Spring,0,1,,45.2,4.11,18,3,222
Summer,0,1,27.4,58.7,11.03,3,3,142
Summer,0,1,22.0,64.3,9.57,14,3,154
Fall,0,1,22.5,43.4,15.96,4,1,84
Fall,0,1,13.9,,19.67,16,6,77
Fall,0,1,19.3,45.9,7.8,10,2,204
Summer,0,1,32.6,57.7,12.39,9,2,210
Summer,0,1,26.3,47.8,10.77,17,0,214
Winter,0,0,5.7,,11.32,16,0,14
Fall,0,0,16.2,51.0,5.06,13,6,87
Fall,0,0,17.4,69.8,11.0,7,0,86
Spring,0,1,17.2,61.9,2.92,21,2,102
Summer,0,1,19.4,38.1,23.38,9,5,143
Winter,0,1,8.1,55.9,12.54,1,4,1
Fall,0,1,,59.7,16.27,2,0,52
Summer,1,1,30.7,41.9,21.03,19,4,200
Fall,0,1,13.6,56.7,20.73,15,4,71
Spring,0,1,19.7,58.8,8.7,14,3,135
Summer,0,1,29.5,57.1,1.92,10,0,229
Spring,0,1,20.3,60.5,3.45,21,4,108
Winter,0,1,6.1,38.0,33.65,16,3,32
Winter,0,0,2.3,60.7,19.75,11,3,1
Winter,0,0,-0.2,51.9,36.95,0,5,1
Summer,0,1,34.9,,1.1,16,4,245
Winter,0,1,13.6,71.0,9.48,9,1,94
Spring,0,0,9.4,47.7,7.14,4,3,23
Spring,0,0,15.9,50.1,4.14,5,2,61
Spring,0,1,18.0,65.0,13.53,1,6,60
Summer,0,1,28.4,57.7,9.06,1,3,166
Summer,0,0,24.5,42.2,10.17,17,6,218
,0,1,12.2,40.8,5.75,11,5,98
Winter,0,0,2.8,79.2,21.95,0,1,1
Spring,0,0,12.9,56.6,22.85,23,5,35
Winter,0,1,2.7,46.7,1.81,3,2,1
Spring,1,1,20.2,70.1,4.2,3,6,39
Fall,0,1,11.2,41.4,4.51,23,6,60
Winter,0,1,6.8,42.5,13.7,19,2,69
Spring,0,1,12.4,71.6,6.43,5,0,33
Summer,0,1,22.4,66.5,9.54,23,2,75
Summer,0,1,27.3,53.7,20.14,21,1,130
Summer,0,1,25.0,53.5,4.09,16,3,197
Fall,0,0,22.6,73.9,18.46,15,0,127
Fall,0,1,11.5,53.9,6.97,5,2,34
Fall,0,1,18.8,56.9,3.92,19,3,159
Winter,0,1,3.1,60.8,9.05,16,4,32
Winter,0,0,10.5,46.5,17.45,19,0,75
Winter,0,1,10.3,71.4,15.42,10,1,51
Fall,0,1,19.1,60.4,4.25,5,0,69
Spring,0,0,19.4,46.7,13.81,18,5,161
Spring,0,1,17.5,70.7,9.08,15,2,157
Winter,0,1,5.3,62.4,4.55,5,2,1
Spring,0,1,18.7,22.7,6.93,15,3,181
Spring,0,0,14.2,94.9,3.24,13,0,55
Fall,0,0,15.2,39.3,14.98,22,0,44
Spring,0,1,8.9,,3.94,7,1,95
Winter,0,0,3.6,60.3,3.85,13,4,11
Spring,0,0,18.4,65.4,11.88,9,4,116
Fall,0,0,14.0,62.1,20.24,20,5,28
Winter,0,1,-0.9,40.7,16.29,9,3,1
Spring,0,1,16.9,93.5,9.97,3,4,36
Spring,0,1,17.9,54.4,11.28,0,5,62
Spring,0,0,20.1,51.0,7.52,3,4,66
Spring,1,1,16.8,66.7,10.99,12,6,38
Winter,0,0,,69.5,12.09,17,6,1
Fall,0,1,17.6,73.4,16.56,0,5,34
Summer,0,0,25.9,57.0,11.28,22,5,112
Fall,0,1,20.4,39.2,2.28,21,1,127
Spring,0,0,14.3,61.1,11.74,7,4,98
Winter,0,1,3.8,56.9,8.37,10,0,11
Fall,0,0,15.0,68.9,14.11,9,1,103
Summer,0,1,34.8,74.6,23.76,10,5,175
Fall,0,1,16.3,56.8,2.32,23,1,114
Fall,0,0,19.0,53.7,5.45,18,1,200
Fall,0,1,15.8,67.1,10.67,1,3,25
Fall,1,0,19.5,46.6,6.01,13,5,91
Winter,0,0,,58.7,22.48,15,0,1
Fall,0,1,20.5,64.6,18.95,16,3,91
Winter,1,1,1.7,73.7,4.29,22,5,1
Fall,0,1,20.8,55.0,5.87,19,1,165
Winter,0,0,7.8,71.0,6.67,20,6,1
Fall,0,1,12.6,52.4,2.65,0,0,68
Fall,0,1,,56.0,6.65,13,2,142
Summer,0,1,26.6,63.1,9.75,11,5,149
Winter,0,1,6.3,83.0,14.37,10,4,37
Summer,0,1,26.3,36.1,17.86,9,6,184
Summer,0,0,,50.0,8.63,5,4,103
Summer,0,1,27.7,52.9,6.5,1,3,119
Winter,0,1,6.0,60.1,3.22,18,5,118
Fall,0,1,25.8,51.7,1.93,12,3,194
Winter,0,0,15.1,34.9,4.17,6,1,78
Summer,0,1,21.6,57.5,28.85,12,4,53
Spring,0,1,18.9,75.9,15.37,1,3,43
Fall,0,1,20.8,64.1,6.55,5,4,76
Fall,1,0,18.1,54.6,11.69,18,5,93
Winter,0,0,5.5,58.8,1.04,3,2,1
Spring,0,0,20.9,67.2,28.26,15,4,66
Winter,0,1,8.5,39.7,6.48,15,3,66
Summer,0,0,27.9,39.5,6.02,7,5,218
Spring,0,1,12.6,,21.09,1,1,18
Fall,0,0,22.3,91.9,7.34,6,5,68
Fall,0,0,18.5,32.1,7.17,2,6,71
Summer,0,0,21.0,64.5,1.32,16,0,143
Winter,0,1,8.3,,3.48,4,6,9
Summer,0,0,23.1,93.2,0.48,12,6,129
Summer,0,1,28.3,,6.59,16,4,196
Spring,0,1,16.1,55.0,9.16,20,1,141
Winter,0,1,6.7,57.9,3.94,4,4,15
Fall,0,0,16.7,50.7,19.97,0,4,23
Spring,0,1,19.9,47.5,6.18,21,3,120
Winter,0,1,0.2,78.7,14.47,22,0,1
Fall,0,1,22.2,73.1,20.17,21,5,94
Spring,1,1,17.3,54.4,9.81,5,0,42
Spring,0,1,18.1,26.5,5.55,20,0,133
Winter,0,1,7.1,56.9,22.67,2,2,1
Spring,1,0,12.4,99.7,9.54,6,3,1
Winter,0,1,11.1,68.1,21.66,2,1,11
Winter,0,1,5.1,47.7,9.29,19,4,95
Summer,0,1,22.6,43.7,8.88,4,5,92
Fall,0,0,18.2,33.6,4.58,20,4,140
Fall,1,0,15.4,50.5,1.33,16,4,86
Fall,0,1,15.5,65.0,1.2,5,0,44
Winter,0,1,2.1,90.8,4.2,6,4,1
Summer,0,1,26.8,57.1,3.95,11,0,173
Spring,0,1,22.7,51.4,8.99,4,6,131
Summer,0,1,23.6,66.3,2.77,21,2,126
Fall,0,1,22.6,67.0,9.31,20,5,82
Fall,0,1,18.7,56.2,7.3,6,1,128
Winter,0,1,7.9,63.4,15.03,12,0,24
Winter,0,0,10.7,64.9,2.24,21,5,46
Winter,0,1,-1.3,68.5,6.5,4,0,1
Winter,0,1,9.7,,1.45,22,0,59
Spring,0,0,14.8,39.7,13.88,10,5,94
Summer,0,0,26.6,67.3,17.78,17,3,159
Summer,0,1,28.9,49.7,5.52,16,1,193
Fall,0,0,11.8,74.5,3.88,22,4,34
Fall,0,0,23.7,74.9,6.21,14,4,141
,0,0,14.3,54.2,11.38,8,3,143
Summer,0,0,31.4,57.4,12.77,3,4,162
Spring,0,0,19.3,54.3,3.04,11,5,143
Fall,1,0,16.6,98.5,7.22,8,5,104
,0,0,23.5,84.2,8.48,5,4,69
Winter,0,1,5.9,38.3,1.99,0,2,35
Fall,0,0,14.5,,8.53,18,3,151
Spring,0,1,9.8,77.8,9.03,17,2,79
Spring,0,1,17.5,61.6,5.13,7,6,138
Fall,0,1,17.7,26.4,3.59,15,4,147
Fall,0,0,22.5,52.9,7.07,11,0,116
Winter,0,0,4.7,56.1,11.25,20,6,10
Spring,0,1,13.3,74.4,16.6,22,1,64
Fall,0,1,,49.4,3.65,2,0,95
Fall,0,1,17.0,72.9,6.89,5,6,58
Fall,0,0,22.0,,9.98,20,0,94
Spring,0,0,13.6,51.6,5.87,6,0,61
Spring,0,1,16.7,40.0,16.01,14,1,97
Fall,0,1,15.8,49.1,8.96,18,5,118
Summer,0,0,22.7,60.6,21.8,2,6,65
Winter,0,1,7.8,70.7,4.3,19,4,96
Spring,0,1,19.1,73.9,6.36,19,6,158
Spring,0,1,14.0,87.0,8.03,16,4,38
Summer,0,1,,43.4,4.39,0,0,117
Summer,0,1,30.3,60.2,12.58,6,0,145
Fall,0,1,13.2,43.7,4.69,3,4,25
Fall,0,0,18.1,48.4,1.57,2,2,79
Summer,0,1,35.0,87.2,10.07,7,3,213
Summer,0,1,31.3,90.5,14.56,21,6,103
Summer,0,1,25.5,46.0,20.49,20,2,102
Fall,0,1,18.9,45.8,6.06,19,2,184
Summer,0,1,32.3,71.2,17.68,17,5,208
Winter,0,1,8.2,59.2,42.21,20,1,1
Summer,0,1,22.5,,2.71,19,1,214
Spring,0,1,20.8,44.5,4.92,3,0,115
Fall,0,1,18.9,72.1,14.07,19,0,121
Fall,0,1,17.4,52.1,13.31,4,6,46
Summer,0,0,30.7,35.8,7.24,4,4,172
Spring,0,1,17.5,70.2,9.74,14,3,111
Spring,0,0,16.3,55.9,89.92,4,4,51
Summer,1,0,31.2,58.5,4.12,11,1,199
Fall,0,0,21.2,51.9,12.68,16,1,155
Winter,1,1,-1.0,87.7,12.69,3,6,1
Spring,1,1,19.7,77.3,5.48,1,3,68
Spring,0,1,24.3,,5.93,1,6,120
Spring,0,0,16.8,81.0,1.21,19,5,110
Fall,0,1,12.6,43.6,12.2,8,3,146
Summer,0,1,25.5,42.5,6.58,21,3,140
Winter,0,0,5.2,28.6,8.0,5,5,18
Spring,0,1,13.2,65.4,4.6,1,5,73
Spring,0,1,7.6,76.5,2.6,2,0,1
Summer,0,1,23.9,48.3,8.16,1,0,112
Winter,0,1,7.0,63.6,13.57,7,3,76
Spring,0,0,15.5,69.6,15.76,9,2,82
Fall,0,1,17.7,78.1,84.3,14,3,62
Summer,0,0,27.6,76.7,11.91,9,1,137
Fall,1,1,19.4,53.4,16.03,9,6,118
Winter,0,1,4.0,66.6,6.33,1,6,1
Summer,1,1,27.4,52.0,13.66,9,1,171
Winter,0,0,7.3,55.2,6.69,23,5,1
Winter,0,0,1.7,68.3,7.45,11,4,1
Winter,0,1,-1.7,70.1,2.56,12,5,22
Winter,0,0,,72.4,9.18,11,5,14
Winter,0,1,11.8,40.0,1.53,17,5,89
Fall,0,1,20.6,68.8,6.21,22,4,133
Summer,0,1,25.7,67.4,21.97,2,5,97
Winter,0,0,4.1,,6.73,19,2,31
Winter,0,1,3.1,44.9,13.72,4,4,1
Summer,0,1,28.5,39.4,16.99,19,1,200
Summer,0,1,,55.7,3.18,14,6,243
Spring,0,1,21.0,44.5,16.41,14,0,155
Winter,0,0,10.7,65.9,2.5,1,5,13
Summer,0,1,27.6,70.3,3.5,3,4,135
,0,1,26.6,65.8,8.31,15,0,177
Spring,0,0,11.8,78.0,2.02,2,4,11
Winter,0,0,10.9,50.7,13.09,17,6,74
Spring,0,1,14.7,64.2,12.21,8,5,152
Winter,0,1,10.5,53.6,1.32,7,2,107
Fall,0,1,14.7,81.7,12.67,10,4,74
Fall,0,0,14.2,93.0,21.69,10,2,3
Spring,0,0,10.1,53.8,15.19,14,6,15
Summer,0,0,27.9,71.2,14.46,15,3,146
Winter,0,0,1.9,,1.87,13,2,19
Summer,0,1,28.6,77.3,9.35,6,2,122
Summer,0,1,25.9,54.7,3.37,18,2,258
Winter,0,1,2.3,77.9,3.79,7,4,15
Winter,0,0,7.2,82.8,22.32,22,1,1
Summer,0,0,27.1,73.9,13.21,23,1,98
Fall,0,1,17.0,56.6,6.58,4,4,31
Summer,0,1,26.8,,10.36,19,5,173
Spring,0,0,21.9,58.0,11.15,21,0,94
Spring,0,1,13.5,56.1,9.63,3,1,57
Fall,0,0,16.2,28.6,7.04,14,2,135
Winter,0,0,7.5,67.5,9.69,11,5,23
Summer,0,1,30.3,50.3,21.89,4,5,94
Spring,0,0,19.7,69.9,8.78,1,3,90
Winter,0,1,4.5,57.4,12.15,3,2,1
Spring,0,1,,44.2,5.81,13,3,136
,0,0,21.2,45.1,9.58,14,0,117
Spring,0,1,12.9,53.4,7.78,20,6,82
Winter,0,1,7.6,70.7,11.58,13,4,43
Spring,1,1,13.2,50.4,37.21,13,5,30
Summer,0,1,27.2,49.7,5.92,1,0,157
Summer,0,1,30.3,53.5,6.08,12,6,202
Summer,0,1,27.3,49.3,6.83,19,4,199
Spring,0,0,17.4,55.9,10.96,7,2,139
Summer,0,1,27.4,79.8,1.37,18,1,236
Fall,0,1,22.5,55.9,19.14,19,0,153
Fall,0,1,14.4,41.2,7.94,18,2,154
Fall,0,1,17.8,56.0,0.55,12,6,174
Fall,0,1,20.2,60.8,21.31,3,2,51
Spring,0,0,18.3,26.1,2.8,11,3,143
Spring,0,0,15.4,33.3,13.14,4,2,65
Spring,0,1,18.0,60.0,4.3,4,4,113
Fall,0,1,18.7,73.1,7.35,0,3,77
Fall,0,1,29.1,30.1,2.55,17,0,256
Summer,0,1,35.7,51.5,10.17,6,1,207
Summer,0,1,21.2,43.0,6.7,21,2,115
,0,0,13.4,65.0,12.02,9,0,96
Summer,0,1,25.5,64.2,11.83,4,6,115
Winter,0,0,4.6,39.9,4.52,3,3,1
Summer,0,1,29.6,21.5,1.87,16,0,216
Spring,0,1,12.7,50.4,6.05,17,2,162
Winter,0,1,6.7,69.5,2.67,22,1,1
Spring,0,1,23.9,58.2,10.34,18,5,201
Summer,0,1,26.9,48.5,10.38,14,2,160
Fall,0,1,20.8,61.6,29.9,22,2,90
Spring,0,1,10.9,33.2,6.11,10,2,100
Winter,0,0,10.8,64.8,15.5,2,2,1
Fall,0,1,20.6,56.2,10.05,2,6,82
Spring,0,1,15.9,58.5,3.07,23,6,117
Summer,0,0,24.2,34.0,7.65,4,1,117
Winter,0,1,2.4,63.1,11.28,19,0,36
Winter,0,0,-0.6,76.5,6.96,21,2,1
Spring,0,1,14.7,64.2,8.27,19,0,99
Winter,0,1,6.6,53.3,3.79,14,4,90
Summer,1,0,25.2,47.2,2.21,14,4,143
Spring,0,0,11.1,47.0,18.01,5,5,3
Winter,0,1,10.6,56.6,10.75,8,3,94
Summer,0,1,31.6,58.1,4.35,15,3,193
Fall,0,1,16.3,56.6,21.71,19,4,103
Fall,0,1,17.7,52.4,4.68,18,1,194
Summer,0,0,32.1,63.8,14.37,15,5,188
Summer,0,1,,54.6,8.17,11,4,176
Winter,0,1,5.2,54.1,4.63,17,0,76
Fall,0,0,16.1,79.5,7.65,9,1,100
Spring,0,1,19.2,75.4,17.22,10,6,52
Winter,0,0,10.5,81.9,1.79,19,0,87
Winter,0,0,8.5,75.2,1.56,1,3,9
Winter,0,1,3.7,55.6,13.0,13,4,1
Fall,0,1,26.6,66.3,4.88,19,3,176
Summer,0,1,30.6,68.5,7.1,20,0,132
Summer,0,1,28.4,55.1,6.02,11,1,217
Winter,0,1,5.1,28.5,12.14,7,0,69
Summer,0,1,25.0,70.0,16.27,18,4,185
Summer,0,0,31.3,71.9,7.16,20,3,164
Fall,0,0,13.8,87.9,5.74,14,0,51
Winter,0,1,3.5,68.3,22.86,21,5,1
Fall,0,0,20.8,65.6,7.11,11,5,119
Spring,0,1,15.3,57.6,24.22,15,4,55
Spring,0,0,13.4,71.8,1.22,10,0,84
Summer,0,1,25.3,54.3,13.01,0,4,110
Spring,0,0,19.2,71.8,22.03,23,2,37
Spring,0,1,17.8,79.0,13.37,2,6,45
Fall,0,0,14.8,83.2,21.44,15,3,33
Summer,0,1,23.3,66.7,3.55,6,1,169
Spring,0,0,17.6,47.4,6.16,4,0,62
Summer,0,1,26.9,66.4,6.99,3,4,116
Fall,0,1,10.9,81.8,18.38,18,2,94
Winter,0,0,3.1,,3.49,5,3,1
Summer,0,1,31.0,66.0,12.11,3,1,90
Summer,0,1,34.0,49.8,11.99,3,4,182
Fall,0,1,20.6,70.0,10.3,19,3,127
Fall,0,0,21.8,73.4,12.51,18,3,157
Spring,0,1,14.4,55.6,0.49,0,0,49
Spring,0,1,15.7,60.3,16.71,7,0,102
Winter,0,1,7.1,65.7,2.87,18,5,130
Winter,0,0,2.9,34.2,4.7,7,0,46
Winter,0,1,5.6,52.5,18.5,2,2,1
Spring,0,1,,89.7,9.97,6,4,30
Spring,0,1,10.4,61.7,7.21,2,4,29
Summer,0,1,28.9,71.9,14.87,23,5,159
Spring,0,1,19.4,54.8,3.11,22,5,107
Spring,0,1,20.1,54.9,4.07,4,0,93
Winter,0,0,2.3,69.4,7.63,18,1,37
Summer,0,0,30.2,56.7,34.16,21,1,118
Summer,0,1,20.7,45.9,2.09,1,4,61
Winter,0,0,-0.3,47.2,12.61,1,2,1
Fall,0,1,16.2,58.7,7.12,14,5,89
Summer,0,0,28.4,53.8,27.32,10,4,109
Summer,0,1,22.0,77.1,8.61,19,1,151
Winter,0,1,9.7,50.0,6.42,5,5,22
Fall,0,0,14.5,78.9,12.78,10,3,46
Spring,0,0,16.5,63.2,67.47,23,3,41
Fall,0,0,13.1,60.4,8.41,21,6,39
Summer,0,1,25.8,43.5,11.7,17,4,189
Spring,0,1,11.2,47.6,12.01,14,0,75
Fall,0,1,13.4,59.0,1.6,9,2,108
Summer,0,1,29.6,48.7,1.47,15,6,193
Summer,0,1,22.7,57.9,2.54,19,6,220
Summer,0,1,22.5,55.5,8.57,23,4,145
Spring,0,0,,74.8,9.02,9,5,132
Summer,0,1,27.4,67.1,2.07,10,4,203
Summer,0,1,21.6,47.1,2.64,12,6,164
Fall,0,0,17.3,54.7,2.79,12,4,136
Summer,0,1,,71.4,7.7,22,6,83
Spring,0,0,,63.7,8.37,22,1,37
Winter,0,1,9.3,58.7,8.89,8,2,112
Fall,0,1,26.0,70.7,6.3,7,2,162
Winter,0,0,10.6,,6.54,22,5,35
Spring,0,0,15.4,48.7,4.61,9,5,100
Winter,0,0,4.0,61.4,12.68,22,6,1
Winter,0,0,6.1,76.5,7.0,4,0,1
Summer,0,1,24.7,77.5,9.77,20,2,105
Summer,0,1,34.7,36.2,8.49,22,2,209
Spring,0,1,10.8,55.3,12.13,3,4,5
Spring,0,1,20.4,48.7,5.3,12,6,117
Fall,0,1,11.4,57.6,7.64,12,5,78
Fall,0,1,21.0,50.8,21.44,14,2,101
Winter,0,0,0.7,64.0,14.48,22,6,1
Spring,0,0,17.7,46.9,5.39,9,3,172
Spring,0,1,13.4,45.6,17.25,8,4,135
Winter,0,1,6.7,64.3,11.73,1,0,1
Winter,0,1,5.6,80.7,6.39,21,1,1
Summer,0,0,,70.1,4.26,1,1,124
Summer,0,1,29.6,75.8,11.01,17,4,183
Fall,0,0,18.5,91.5,16.99,9,4,84
Spring,0,1,9.9,80.9,9.06,12,4,19
Fall,0,1,,54.5,20.34,11,6,73
Winter,0,1,-1.4,63.9,12.51,1,0,1
Fall,0,1,18.2,57.2,12.6,2,4,73
Fall,0,0,18.3,49.4,4.14,10,0,117
Spring,0,0,10.0,48.0,5.51,8,2,139
Summer,0,0,34.3,73.4,7.47,17,4,226
Spring,0,0,16.1,68.2,14.1,21,3,61
Spring,0,1,15.0,48.9,14.6,16,4,72
Winter,0,1,1.1,100.0,6.7,7,4,28
Spring,0,1,12.0,77.6,9.81,7,2,62
Spring,0,1,19.3,53.4,25.33,20,6,75
Winter,0,1,4.4,62.1,18.35,1,5,1
Summer,0,1,34.4,60.8,8.79,8,6,284
Fall,0,1,20.0,58.6,8.32,0,1,69
Fall,0,1,17.5,61.9,8.72,13,2,139
Winter,0,1,7.6,85.7,8.15,7,3,50
Summer,0,1,30.1,61.6,3.01,20,6,185
Winter,0,1,2.3,70.6,14.83,5,1,1
Winter,0,1,10.6,72.3,6.82,17,1,79
Spring,0,1,13.9,33.4,10.42,8,5,183
Fall,0,1,17.5,54.9,12.17,10,5,103
Fall,0,1,19.8,80.9,7.71,16,3,90
Fall,0,1,15.5,34.8,15.24,1,6,89
Fall,0,1,18.4,77.5,1.31,18,4,190
Winter,1,1,1.1,69.6,11.56,9,5,1
Winter,0,1,4.5,49.4,6.2,7,4,80
Fall,0,1,19.1,84.8,5.49,10,3,96
Winter,0,1,2.2,48.3,34.48,15,1,1
Spring,0,1,10.3,52.5,7.62,0,3,29
Summer,0,0,24.6,45.6,13.89,23,5,134
Spring,0,1,19.5,45.5,15.76,5,4,90
Spring,0,1,20.5,83.7,8.45,23,6,76
Summer,0,1,33.7,44.4,16.62,13,0,194
Winter,0,1,6.4,51.3,13.63,21,1,1
Fall,0,1,9.6,73.4,1.17,3,0,20
Fall,1,1,18.3,35.7,6.77,16,6,78
Spring,0,1,15.5,67.7,15.1,21,5,76
Winter,0,1,5.3,48.6,2.23,2,3,16
Spring,0,1,20.3,89.5,6.36,18,2,183
Winter,0,1,8.2,68.7,12.14,9,6,84
Spring,0,0,15.1,31.8,4.52,17,5,121
Summer,0,1,28.1,82.1,18.88,15,1,129
Summer,0,1,21.7,66.2,6.93,0,0,104
Spring,0,0,17.0,73.5,8.44,0,0,50
,0,1,23.5,71.0,11.72,9,3,131
Fall,1,1,19.9,35.7,8.13,10,2,126
Winter,0,1,9.2,,6.96,17,5,44
Fall,0,0,20.1,63.3,3.54,6,0,113
Fall,0,1,25.4,70.9,8.36,7,0,171
Fall,0,1,19.4,57.4,14.5,5,0,55
Spring,0,1,12.6,37.2,4.91,23,0,88
Fall,0,1,25.2,46.1,6.32,8,6,250
Summer,0,0,31.6,63.8,17.92,2,1,75
Spring,0,0,16.1,45.2,0.19,9,1,139
Summer,0,0,23.7,31.1,4.91,8,4,205
Fall,0,0,17.4,40.7,6.28,19,5,174
Spring,0,0,5.7,45.9,2.69,14,0,11
Fall,0,1,24.5,45.2,8.38,9,4,214
Summer,0,0,23.5,91.5,7.57,8,0,180
Winter,0,0,9.5,59.4,13.26,17,0,72
Spring,0,0,17.3,71.8,5.71,16,2,100
Fall,0,1,19.5,37.6,3.03,21,0,113
Winter,0,1,-0.7,72.8,2.0,0,6,1
Summer,0,1,23.5,52.7,4.04,12,1,145
Winter,0,1,2.2,51.0,6.09,19,1,81
Spring,0,1,8.7,27.1,6.93,7,2,122
Summer,0,0,26.7,39.9,10.78,13,2,183
Summer,0,1,,43.5,2.72,12,4,182
Spring,0,1,12.1,34.5,5.3,19,1,143
Winter,0,0,3.7,74.1,2.77,14,1,24
Summer,0,0,25.4,60.4,18.37,21,1,134
Fall,0,0,23.4,63.7,11.29,20,0,83
Winter,0,1,2.8,66.4,20.04,21,6,1
Fall,0,1,20.2,34.7,1.43,17,2,175
Winter,0,0,0.9,67.4,25.5,2,2,1
Winter,0,0,9.1,90.8,6.14,12,5,1
Fall,0,1,17.7,39.3,3.79,17,5,150
Winter,0,1,2.4,69.4,3.73,13,6,35
Summer,0,0,26.4,53.5,3.5,9,3,195
Fall,0,0,15.1,55.6,26.09,11,6,55
Winter,0,1,-0.5,55.9,8.96,21,5,21
Summer,0,1,29.2,51.2,43.06,22,0,96
Spring,0,1,16.3,55.1,18.3,18,5,168
Fall,0,1,10.4,61.1,30.4,8,4,55
Spring,0,0,12.3,82.1,1.42,1,3,23
Winter,0,0,9.8,41.7,6.57,5,6,31
Spring,0,1,18.9,77.1,0.57,9,6,129
Fall,0,1,23.1,,8.48,13,5,182
Spring,0,0,10.7,74.5,9.33,21,0,30
Fall,0,1,23.9,56.5,14.95,11,5,119
Spring,0,1,17.2,,18.24,13,3,130
Fall,0,1,,49.3,10.18,5,0,47
Winter,0,1,8.0,59.3,1.7,22,5,31
Fall,0,0,16.9,61.4,2.45,10,1,95
Spring,0,1,16.7,46.7,2.55,11,6,160
Fall,0,1,14.2,58.3,2.79,11,5,146
Fall,0,1,14.1,,10.91,8,3,167
Summer,0,0,31.5,64.5,3.96,0,3,108
Spring,1,1,12.1,52.5,8.72,8,6,132
Fall,0,0,17.9,71.6,19.61,5,1,48
Summer,0,1,33.6,77.2,7.8,8,4,264
Summer,0,0,26.9,53.3,16.22,17,1,169
Winter,0,0,9.4,76.3,7.38,22,6,10
Summer,0,1,22.7,61.6,3.43,20,5,123
Summer,0,0,29.9,,7.03,21,1,132
Winter,0,0,6.9,53.9,22.36,8,5,86
Fall,0,0,12.5,53.0,11.32,7,6,80
Winter,0,1,0.6,36.4,11.08,17,5,19
Fall,0,0,11.5,63.7,4.84,16,4,76
Winter,0,0,6.0,50.5,4.0,16,1,12
Summer,0,1,26.3,51.0,9.34,2,3,110
Summer,0,1,25.0,58.7,3.41,20,1,135
Spring,0,1,11.6,66.4,31.15,8,4,48
Summer,0,1,33.9,69.8,12.56,23,6,157
Spring,0,0,11.0,74.0,2.8,0,3,1
Fall,0,0,20.5,84.0,7.95,17,3,103
Summer,0,0,,55.9,10.5,21,0,135
Winter,0,1,3.4,56.2,3.44,12,6,37
Summer,0,1,22.3,68.5,14.41,16,2,124
Fall,0,1,17.2,90.4,6.62,9,5,103
Spring,0,1,12.6,39.5,17.44,14,5,81
Winter,0,1,12.0,59.1,6.68,1,5,41
Summer,0,1,30.1,68.5,2.79,7,3,233
Winter,0,1,1.5,61.1,67.68,16,1,44
Summer,0,1,32.3,86.1,10.01,4,1,137
Spring,0,1,17.9,80.9,15.69,0,3,33
Summer,0,1,23.2,62.7,5.62,8,3,203
Summer,0,0,26.3,47.8,4.91,8,2,226
Fall,0,1,12.9,66.7,6.44,20,1,34
Spring,0,1,14.5,48.1,9.42,5,1,26
Summer,0,1,29.5,47.2,19.92,21,2,157
Fall,0,0,19.4,73.9,20.58,12,2,85
Spring,0,1,13.3,54.0,13.25,3,2,11
Spring,0,0,16.6,69.9,3.55,18,5,173
Spring,0,0,16.7,68.4,11.15,9,3,76
Winter,0,0,2.4,49.6,0.56,13,4,44
Winter,0,0,6.2,38.8,0.47,18,4,142
Fall,0,1,15.9,37.0,3.6,15,5,141
Fall,0,1,23.8,48.7,8.03,17,1,174
Winter,0,0,15.6,64.3,22.4,6,6,27
Fall,0,0,,47.9,12.62,3,6,42
Fall,0,1,11.1,98.2,15.58,7,1,50
Fall,0,1,18.0,86.7,7.99,18,5,153
Winter,0,0,-0.3,57.2,15.88,23,6,1
Spring,0,1,17.3,35.9,11.75,9,3,161
Spring,0,0,,50.2,7.23,5,5,34
Spring,0,1,11.4,54.3,10.74,8,6,141
Summer,0,1,29.4,51.8,15.48,10,5,197
Summer,0,1,36.9,76.7,8.95,15,4,240
Spring,0,1,16.7,62.0,10.83,5,1,45
Summer,0,1,26.1,66.8,8.94,10,4,160
Spring,0,1,14.0,40.4,12.45,23,2,73
Summer,0,1,24.6,82.5,5.13,22,1,146
Summer,0,1,29.4,89.4,7.12,8,1,265
Fall,0,0,20.1,51.7,11.64,8,5,168
Summer,0,1,30.2,,0.36,7,2,208
Fall,0,0,17.5,74.0,2.68,14,3,127
Spring,0,1,14.9,47.4,0.63,7,1,118
Fall,0,1,8.6,76.6,22.57,15,6,19
Spring,0,0,17.7,68.4,2.05,11,6,100
Summer,0,1,24.9,57.5,2.68,22,1,168
Spring,0,1,19.4,94.1,14.03,2,2,42
Fall,0,0,16.2,68.5,12.9,7,3,115
Winter,0,1,3.5,94.9,3.73,16,6,1
Winter,0,0,-0.7,46.9,2.04,9,0,45
Fall,0,1,19.9,78.3,11.14,12,3,89
Winter,0,1,-2.2,67.2,17.52,0,2,1
Winter,0,1,4.5,58.0,4.35,19,3,79
Winter,0,0,4.2,66.3,2.82,10,1,29
Spring,0,0,20.3,75.1,3.68,7,1,141
Winter,0,1,4.1,64.3,5.73,1,2,30
Summer,0,1,30.7,38.7,1.75,15,6,239
Fall,0,1,10.9,63.8,21.9,13,1,3
Fall,0,1,12.1,66.8,21.2,11,2,67
Winter,0,1,8.1,68.1,14.22,8,6,98
Summer,1,1,24.4,46.9,16.05,17,5,135
Summer,0,1,22.1,54.5,2.9,14,6,146
Summer,0,0,23.7,66.7,19.53,20,1,65
Spring,0,0,8.8,66.8,4.66,22,5,9
Fall,0,0,10.8,69.9,4.07,9,5,68
Summer,0,0,22.7,69.8,7.96,14,6,120
Winter,0,1,6.5,59.7,9.63,5,1,13
Winter,0,1,-0.3,49.3,2.15,4,4,1
Winter,1,1,4.9,56.7,9.23,9,6,66
Summer,0,1,30.1,73.5,18.72,11,4,159
Spring,0,1,,55.0,5.39,7,3,114
Winter,0,1,2.4,62.6,11.69,20,1,1
Summer,0,1,23.6,77.0,7.5,6,0,130
Summer,1,1,38.2,63.5,8.23,15,5,222
Summer,0,0,28.0,60.3,0.76,0,1,155
Winter,0,1,6.4,81.2,43.3,13,4,1
Winter,0,1,2.8,31.7,10.74,1,3,1
Summer,0,0,28.8,32.7,7.39,6,0,164
Summer,0,1,27.1,67.9,3.44,23,3,127
Summer,0,0,,49.4,3.69,7,6,167
Spring,0,0,14.8,60.2,4.99,6,3,63
Spring,0,0,19.3,52.5,14.09,18,3,194
Fall,0,0,13.8,45.0,0.5,0,1,63
Summer,0,1,26.5,57.5,7.56,7,0,205
Summer,0,0,28.7,98.5,4.54,22,1,95
Winter,0,1,0.3,52.8,5.83,13,5,24
Spring,0,0,9.4,97.6,9.71,12,3,1
Spring,0,1,24.7,68.3,13.59,13,0,129
Fall,0,1,18.8,61.1,11.14,0,4,26
Fall,0,0,13.6,50.5,7.86,6,5,35
Winter,0,1,2.4,56.1,11.2,20,3,1
Fall,1,0,19.3,51.2,4.72,6,0,41
Summer,0,1,27.7,55.0,8.79,13,6,233
Summer,0,1,30.4,79.9,14.71,3,5,87
Fall,0,1,20.9,53.5,16.71,8,3,176
Summer,0,1,27.6,65.6,5.38,16,3,193
Fall,0,1,20.4,,11.19,4,6,48
Summer,0,1,30.9,95.5,14.01,22,3,91
Summer,0,1,25.7,75.4,16.33,14,1,156
Spring,0,0,15.0,64.5,11.53,2,0,7
Summer,0,1,23.6,48.6,4.12,11,3,161
Summer,0,0,27.4,51.0,7.05,17,1,203
Fall,0,1,16.8,55.4,2.1,7,5,141
Spring,0,1,13.7,34.2,3.65,3,2,56
Winter,0,0,0.8,49.6,10.52,7,0,23
,0,0,22.9,52.3,12.22,6,1,104
Winter,0,1,-1.3,37.9,9.32,0,1,1
Summer,0,1,28.0,71.4,6.65,19,4,195
Summer,0,0,18.7,77.8,8.18,21,5,41
Winter,0,0,5.7,62.9,15.63,16,3,16
Summer,0,0,27.7,44.6,10.54,13,4,170
Fall,0,0,14.1,45.0,5.79,22,6,49
Summer,0,0,18.3,84.7,8.23,11,1,74
Spring,0,1,17.5,59.3,3.4,10,5,131
Summer,0,1,25.5,69.9,6.59,17,3,164
Fall,0,1,4.4,51.0,1.9,5,1,29
Fall,0,0,15.1,69.5,6.67,23,2,41
Winter,0,0,3.5,66.9,3.91,2,0,1
Summer,0,1,31.9,75.3,6.76,4,1,148
Fall,0,0,19.1,68.3,4.5,12,2,103
Winter,0,0,5.5,37.3,3.66,19,4,62
Summer,0,1,26.2,43.5,6.47,16,5,166
Winter,0,1,4.8,53.2,4.14,18,2,143
Summer,0,0,32.2,80.0,5.44,23,3,157
Summer,0,1,25.2,40.2,6.26,15,3,208
Spring,0,1,9.4,19.3,9.2,2,4,42
Fall,0,0,20.2,87.0,5.1,3,1,76
Fall,0,1,12.7,50.0,0.98,17,0,106
Spring,0,0,16.0,42.0,8.37,0,2,34
Winter,0,1,2.4,57.8,5.31,17,2,65
Winter,0,1,4.5,52.0,15.18,16,6,34
Winter,0,0,4.7,43.5,15.07,16,3,42
,0,1,12.4,59.1,3.32,12,2,56
Summer,0,1,30.7,63.1,12.69,16,6,183
Winter,0,1,10.4,44.1,2.07,17,2,127
Summer,0,1,32.2,,14.43,14,3,192
Summer,0,0,27.9,51.2,11.49,18,2,229
Spring,0,1,,63.9,23.21,3,2,1
Spring,0,1,,61.8,24.01,3,0,20
Fall,0,1,16.7,72.2,34.5,18,0,85
Spring,0,1,14.1,57.6,2.58,20,4,54
Summer,0,1,25.1,72.5,34.61,18,6,171
Fall,0,0,17.2,79.8,11.2,1,3,11
Summer,0,1,29.5,66.6,15.12,23,1,169
Summer,0,1,26.5,72.5,8.65,20,5,168
Spring,0,1,19.7,70.9,18.25,5,2,30
Spring,0,0,15.8,63.6,35.61,13,4,33
Summer,1,1,31.3,85.2,17.68,21,0,127
Summer,0,1,19.6,66.6,14.01,17,1,113
Summer,0,0,29.1,38.9,3.69,16,5,215
Spring,0,1,,68.7,3.89,0,1,26
Winter,0,1,7.5,20.7,67.68,16,4,84
Fall,0,1,18.0,72.8,9.37,4,3,44
Summer,0,1,21.0,30.2,28.19,5,5,86
Fall,0,1,12.2,36.7,11.04,7,5,140
Winter,0,1,10.0,65.2,7.3,1,1,33
Fall,0,1,14.6,64.9,5.82,11,1,128
Summer,0,1,24.9,62.1,5.68,22,0,121
Fall,0,1,13.7,78.1,6.05,2,4,40
Summer,0,0,25.4,57.7,3.11,7,6,182
Summer,0,0,29.0,,28.8,10,6,165
Spring,0,0,16.2,58.0,2.03,22,6,49
Winter,0,1,6.6,57.3,5.47,8,6,98
Spring,0,0,13.2,60.1,9.21,20,3,36
Fall,1,1,20.1,53.0,5.51,3,3,35
Fall,0,0,18.4,67.1,7.67,9,6,164
Summer,0,0,25.6,61.6,14.93,14,3,131
Summer,0,1,24.0,71.2,12.98,7,6,142
,0,1,14.9,78.4,12.58,0,6,43
Spring,0,1,14.3,47.6,9.72,20,5,68
Spring,1,1,19.6,,10.52,22,0,51
Winter,0,0,0.5,80.2,0.65,14,1,15
Winter,0,1,,54.0,14.83,10,4,49
Spring,0,1,19.4,53.7,9.79,8,4,207
Spring,0,0,12.8,49.2,19.5,2,1,3
Spring,0,0,15.8,61.3,7.11,2,2,57
Spring,0,0,16.6,46.2,6.11,5,6,80
Summer,0,1,26.2,29.5,8.48,7,2,209
Spring,0,1,23.1,80.9,5.45,21,3,108
Summer,0,0,25.5,76.2,2.29,8,1,199
Spring,0,1,17.1,62.6,22.14,7,4,93
Winter,0,1,2.7,66.8,4.38,0,1,3
Summer,0,1,24.6,60.5,8.55,2,1,113
Fall,0,1,16.1,57.1,5.32,3,1,88
Fall,0,0,18.4,63.1,7.72,18,1,165
Summer,0,1,26.3,36.0,8.7,20,0,120
Fall,0,1,19.9,44.5,8.11,11,0,144
Winter,0,1,7.9,69.1,4.49,2,6,23
Fall,0,0,22.2,68.0,8.01,9,3,147
Spring,0,0,17.0,50.8,18.7,17,1,107
Fall,0,0,21.4,46.1,3.37,18,2,205
Summer,0,0,28.2,57.0,3.79,4,2,127
Summer,1,1,30.0,65.0,12.38,12,1,162
Summer,0,0,21.0,65.0,7.92,14,5,139
Fall,0,0,18.5,50.6,20.56,23,3,63
Spring,0,1,17.3,42.6,2.93,4,6,73
Summer,0,1,20.6,74.5,11.49,13,1,112
Spring,0,0,15.0,54.8,16.69,17,2,102
Fall,0,1,19.7,85.5,10.46,6,6,65
Spring,0,1,21.9,66.3,6.2,10,4,139
Spring,0,0,14.2,56.8,11.49,20,1,84
Summer,0,1,22.9,73.8,14.09,10,5,118
Fall,0,0,21.0,,1.64,18,2,196
Winter,0,1,7.8,53.3,8.75,5,2,1
Summer,0,0,33.3,83.0,4.81,15,6,196
Fall,0,1,17.9,40.0,9.51,14,0,159
Spring,0,0,17.3,,5.6,22,3,124
Winter,0,0,2.6,57.9,2.79,8,6,111
Spring,0,1,16.3,78.6,18.21,16,6,70
Fall,0,1,18.5,82.5,9.49,15,2,106
Winter,0,0,4.5,64.1,14.2,15,4,1
Summer,0,0,25.3,42.3,5.63,19,1,193
Fall,0,1,16.4,73.0,6.4,9,5,92
Summer,0,0,23.7,32.6,17.69,0,3,110
Winter,0,0,-1.3,63.6,6.85,11,2,1
Summer,0,0,27.1,51.4,5.86,12,3,203
Spring,0,0,9.8,81.4,9.39,10,0,8
Spring,0,1,22.1,56.4,2.57,14,6,146
Summer,0,0,42.3,63.7,5.48,7,1,256
Summer,0,1,24.5,91.7,2.72,2,0,89
Summer,0,0,24.2,66.6,9.88,1,3,72
Winter,0,1,9.6,,5.76,19,6,111
Spring,0,1,21.5,64.6,7.06,5,0,68
Fall,0,0,16.5,74.9,4.18,11,5,126
Winter,0,0,10.7,64.5,0.53,9,6,110
Fall,0,1,,52.1,19.19,19,3,119
Winter,0,1,-5.6,34.8,1.45,18,0,95
Winter,0,0,5.9,86.4,1.94,8,6,116
Winter,0,1,9.2,71.1,12.75,7,5,74
Winter,0,1,10.1,64.6,4.91,14,3,100
Summer,0,1,29.3,60.0,30.33,3,5,67
Spring,0,1,14.1,62.0,8.09,23,0,100
Winter,0,0,12.4,72.2,12.15,15,5,40
Winter,0,1,6.7,59.8,4.17,18,3,123
Fall,0,0,25.0,77.3,10.3,1,3,69
Fall,0,1,13.5,41.2,6.76,11,4,126
Winter,0,0,-0.5,42.3,10.85,19,0,20
Winter,1,1,0.7,,61.5,2,6,1
Fall,0,1,17.6,39.6,11.04,11,4,127
Summer,0,0,,75.3,1.65,19,2,177
Summer,0,0,23.3,55.6,4.22,6,6,112
Summer,0,0,24.1,65.0,2.48,7,4,166
Winter,0,0,,57.0,7.04,20,3,38
Summer,0,1,25.1,65.6,18.8,18,4,214
Fall,0,1,20.8,59.8,8.95,18,2,197
Fall,0,1,21.5,33.9,4.76,23,6,115
Spring,0,1,21.3,10.0,16.75,21,5,119
Spring,0,0,20.8,69.3,10.96,23,3,51
Fall,0,1,25.2,62.0,2.64,2,6,132
Winter,0,0,5.5,61.1,25.1,13,4,1
Summer,0,0,,64.0,9.57,22,4,164
Fall,0,1,22.5,52.7,32.32,21,0,46
Fall,0,1,16.1,55.2,9.38,3,6,46
Fall,0,1,25.5,54.8,18.85,17,5,166
Fall,0,1,14.7,61.6,10.22,8,3,140
Spring,0,1,19.4,50.6,15.37,7,5,161
Fall,0,1,16.8,53.8,13.15,20,6,86
Spring,0,0,9.5,89.0,10.23,13,0,50
Summer,0,1,28.9,65.1,11.54,0,6,125
Summer,0,1,22.0,74.9,10.43,20,6,101
Spring,0,0,20.5,71.6,1.38,17,5,149
Summer,0,1,28.4,62.3,3.69,15,3,209
Fall,0,1,14.9,74.8,5.73,0,5,48
Summer,0,1,33.2,51.6,7.55,16,3,211
Summer,0,1,29.4,81.0,20.09,15,1,145
Fall,0,1,13.7,67.6,26.21,15,2,44
Fall,0,1,17.7,55.7,11.94,0,6,102
Fall,0,1,25.3,54.0,15.05,12,5,147
Summer,0,1,30.0,48.5,1.13,7,0,222
Summer,0,1,33.3,43.8,6.83,10,2,251
Fall,0,1,18.1,45.3,8.92,19,6,137
Summer,0,1,25.8,,20.53,15,0,152
Summer,0,1,21.3,32.3,10.89,23,2,128
Winter,0,1,4.5,46.3,6.53,12,3,46
Winter,0,1,2.0,68.4,1.78,0,1,1
Summer,0,1,29.3,40.3,9.64,6,5,172
Summer,0,1,28.6,74.9,17.64,20,1,89
,0,1,20.0,69.6,3.71,6,2,101
Spring,0,0,17.7,56.4,15.91,12,3,111
Winter,0,0,-0.4,85.9,5.22,22,2,1
Summer,0,0,25.2,68.6,3.45,11,3,165
Fall,0,0,8.7,47.0,18.98,1,0,1
Fall,0,0,14.6,60.2,9.58,15,3,49
Spring,0,1,14.6,65.2,3.09,9,5,121
Summer,0,0,23.3,43.1,17.52,9,2,149
Summer,0,0,28.3,35.7,1.72,2,1,144
Summer,0,0,34.5,76.0,1.19,21,6,205
Summer,0,1,26.4,61.7,8.72,20,4,105
Fall,0,0,20.8,80.9,9.37,16,4,102
Fall,0,1,14.1,63.4,20.72,13,0,57
Fall,0,0,16.5,65.1,10.53,12,5,92
Summer,0,0,27.2,69.1,5.94,12,6,144
Fall,0,1,18.8,51.2,8.13,19,1,168
Spring,0,1,22.4,53.3,4.26,5,5,96
Winter,0,1,7.9,56.8,25.05,20,5,1
Winter,0,1,4.1,,6.34,21,1,17
Summer,0,1,27.5,59.7,4.82,23,1,159
Winter,0,1,3.7,82.9,8.88,17,3,1
Spring,0,0,15.2,52.4,0.94,19,2,132
Fall,0,1,18.3,79.7,4.48,17,1,145
Summer,0,1,31.2,66.4,5.1,21,3,175
Fall,0,1,23.7,48.1,3.29,12,4,168
Summer,0,1,33.6,53.8,9.58,1,2,144
Fall,0,0,16.3,74.2,3.75,17,4,112
Winter,0,0,6.8,47.3,5.17,2,3,33
Fall,0,0,25.4,51.2,2.08,3,1,126
Fall,0,0,23.9,35.7,9.68,0,2,107
Spring,0,0,9.9,27.0,9.79,2,0,56
Winter,0,1,4.1,53.3,15.58,10,5,50
,0,1,19.2,71.5,3.6,7,0,168
Fall,0,1,23.7,74.5,2.34,2,0,74
Fall,0,1,20.9,52.5,4.28,20,0,106
Spring,0,0,13.1,71.4,6.25,2,6,1
Summer,0,1,24.4,76.3,13.1,22,2,129
Fall,0,1,20.7,62.1,8.45,22,5,136
Spring,0,1,15.3,54.9,5.34,2,1,71
Fall,0,0,24.6,57.0,2.31,17,3,169
Spring,0,1,13.2,50.1,2.4,16,4,87
Spring,0,1,8.6,48.2,7.63,14,2,53
Spring,0,1,15.9,48.2,2.08,16,4,134
Spring,0,1,13.3,74.8,21.0,7,1,99
Fall,0,1,27.1,67.3,13.26,11,3,167
Spring,0,1,15.3,27.5,3.75,12,0,129
Fall,0,1,9.6,64.5,13.64,1,3,1
Fall,0,1,19.5,50.3,13.76,10,5,136
,0,1,2.2,39.9,11.37,19,5,72
Winter,0,1,3.6,46.9,4.41,12,5,67
Summer,0,1,26.7,56.6,12.0,11,0,165
Fall,0,1,21.6,91.6,10.54,16,1,105
Winter,0,0,4.4,68.0,14.9,13,1,1
Spring,0,1,14.3,35.5,4.74,23,3,84
Summer,0,1,25.6,60.3,18.09,16,2,127
Winter,0,0,6.6,58.4,6.88,18,0,106
Summer,0,0,,72.6,6.09,15,0,151
,0,1,16.9,76.7,4.84,15,5,123
Spring,0,1,24.3,70.2,3.19,7,4,156
Winter,0,1,2.5,61.5,8.11,10,5,1
Fall,0,1,17.5,70.7,3.67,20,4,120
Spring,0,0,,64.6,3.67,12,6,21
Fall,0,1,21.6,45.6,8.6,16,0,151
Fall,0,1,19.7,45.2,8.48,6,1,131
Spring,0,1,22.7,40.1,3.67,4,3,114
Summer,0,0,30.0,52.5,5.74,19,1,220
Fall,0,1,14.7,35.8,5.07,20,1,118
Summer,1,1,22.9,45.3,0.3,19,0,166
Winter,0,0,7.1,78.7,11.93,15,4,36
Summer,0,1,28.3,71.3,1.03,19,6,202
Fall,1,0,25.2,46.4,17.8,17,4,114
Spring,0,1,16.8,37.8,13.73,22,2,86
Fall,0,1,20.3,83.6,1.0,1,3,42
Summer,0,0,32.9,90.4,10.41,14,4,152
Fall,0,1,19.7,74.9,7.6,11,1,112
Summer,0,1,30.1,53.8,3.44,20,0,151
Winter,0,1,1.0,46.8,14.58,1,3,1
Summer,0,0,31.5,66.0,23.05,19,6,179
,0,1,19.2,47.4,14.26,10,0,135
Winter,1,1,6.5,62.8,17.83,21,5,1
Spring,0,1,21.2,77.9,6.82,21,4,125
Fall,0,0,19.3,51.0,6.9,1,1,43
Winter,0,0,9.6,30.9,1.32,8,5,150
Winter,0,1,8.9,47.1,19.94,20,5,20
Summer,1,0,26.8,72.1,4.27,10,4,101
Summer,0,1,26.4,76.5,1.87,13,4,178
Winter,0,1,2.8,59.1,10.87,21,1,1
Fall,0,1,12.8,58.7,7.75,3,2,28
Summer,1,1,26.4,65.8,19.52,14,0,87
Summer,0,0,27.4,77.5,5.68,22,5,117
Summer,0,0,28.5,70.9,6.61,0,6,114
Fall,0,1,17.3,72.8,1.49,17,1,104
Fall,0,0,18.6,67.9,3.55,19,6,159
Fall,0,1,16.9,57.1,3.5,13,3,122
Spring,0,0,16.8,62.4,8.56,20,0,85
Summer,0,1,26.4,72.7,6.65,12,4,159
Fall,0,0,23.1,62.5,4.26,20,4,104
Summer,0,0,28.9,61.2,9.47,8,0,210
Fall,0,1,28.6,48.1,18.01,20,5,129
Spring,0,1,11.4,74.0,0.51,3,5,30
Summer,0,0,28.5,80.0,11.1,2,0,55
Summer,0,1,29.9,89.0,10.82,10,4,174
Winter,0,1,-1.1,46.2,17.31,19,2,1
Summer,0,1,27.8,53.3,6.58,23,6,126
Winter,0,1,8.1,75.8,7.96,9,4,51
Spring,0,1,16.2,25.5,3.59,22,0,119
Spring,0,1,10.5,32.0,17.56,7,4,113
Spring,0,1,12.7,94.9,14.78,9,3,56
Summer,0,1,24.6,47.9,22.91,9,2,156
Summer,0,0,,66.5,2.82,23,2,153
Winter,0,0,8.3,52.1,4.71,21,0,43
Fall,0,1,17.2,53.6,5.1,1,6,68
Winter,0,0,3.6,86.7,12.09,13,0,1
Fall,0,1,15.9,50.7,17.49,17,2,128
Summer,0,1,29.4,58.1,9.64,8,3,243
Winter,0,0,4.8,56.5,5.06,5,4,1
Spring,0,1,11.3,61.5,15.1,5,5,1
Fall,0,1,18.6,44.2,6.97,3,2,109
Winter,0,1,4.7,47.8,4.81,8,0,80
Spring,0,1,11.4,52.7,2.77,1,1,28
Winter,0,1,10.9,,6.44,19,0,126
Fall,1,1,20.7,69.8,28.7,6,6,45
Fall,0,1,24.4,52.7,37.87,5,0,69
Winter,0,1,8.0,,12.75,1,6,4
Fall,0,0,24.9,67.2,0.57,3,4,122
Spring,0,1,10.7,44.6,11.27,9,4,70
Fall,0,1,15.0,55.1,17.32,19,4,128
Summer,0,1,26.9,53.9,9.41,13,5,189
Winter,0,0,3.4,81.8,19.31,11,3,1
Spring,0,1,16.1,64.8,8.76,15,4,94
Summer,0,1,22.0,73.1,5.67,6,4,97
Spring,1,1,10.7,50.2,3.02,11,3,59
Spring,0,1,9.3,66.5,2.52,2,4,10
Fall,0,1,19.8,26.0,2.72,2,3,102
Fall,0,1,21.8,80.8,18.29,20,0,68
Spring,0,1,24.0,80.6,13.19,19,4,171
Summer,0,1,31.7,68.8,28.98,2,1,125
Winter,0,1,12.3,63.5,11.41,9,0,89
Winter,0,1,8.9,40.7,9.09,8,5,137
Fall,0,0,15.2,,13.1,21,6,2
Summer,0,0,34.5,49.0,9.87,0,4,157
Fall,0,0,13.2,75.4,12.79,8,1,119
Spring,0,1,10.2,100.0,25.48,11,5,6
Summer,0,0,25.1,77.0,16.2,23,4,86
Spring,1,0,17.1,67.9,6.13,15,1,42
Fall,0,1,16.2,42.5,11.44,16,4,117
Fall,0,1,18.8,85.5,79.52,5,4,37
Fall,0,0,13.8,50.7,21.74,1,5,13
Fall,0,1,27.3,47.7,4.27,10,2,205
Winter,0,0,2.4,53.8,9.73,22,3,1
Fall,0,0,21.0,78.0,18.78,19,6,137
Fall,0,1,18.5,47.2,0.53,7,5,192
Summer,0,0,22.8,,2.23,17,5,163
Spring,0,1,18.4,44.7,18.79,3,1,50
Spring,1,0,12.2,65.0,3.19,22,6,30
Summer,0,0,25.5,57.2,2.34,15,1,183
Summer,0,1,31.1,66.1,8.82,14,1,184
Summer,0,0,23.6,58.1,11.71,22,2,82
Summer,0,1,24.2,,1.39,3,4,76
Summer,0,1,28.1,78.4,5.88,21,5,142
Fall,0,1,19.1,52.3,2.25,10,1,158
Winter,0,1,3.4,51.2,11.04,3,5,1
Summer,0,1,25.5,71.9,13.53,7,0,162
Winter,0,1,5.1,67.3,4.6,17,4,56
Spring,0,0,13.8,49.7,19.34,8,1,126
Spring,0,1,15.9,62.0,8.5,21,0,91
Fall,0,1,18.1,73.6,3.59,20,1,68
Fall,0,1,22.6,71.1,2.55,15,0,138
Winter,0,1,,41.0,6.61,8,1,162
Spring,1,0,17.5,64.9,4.71,0,1,1
Summer,0,0,24.0,47.1,10.4,14,6,130
Spring,0,1,18.2,75.6,9.81,14,5,120
Spring,1,1,11.7,59.4,14.21,1,6,1
Summer,0,1,35.2,58.2,0.76,0,6,173
Summer,1,0,28.0,36.6,8.65,5,1,80
Spring,1,1,18.2,90.2,4.01,18,6,117
Summer,0,1,22.4,83.7,6.03,17,6,179
Winter,0,1,2.4,91.7,6.72,2,5,1
Winter,0,0,3.6,66.2,3.96,4,2,1
Fall,0,1,24.3,65.1,14.54,5,1,103
Summer,0,0,28.9,46.1,21.44,2,0,83
Summer,0,1,25.9,47.7,38.51,0,5,82
Fall,0,1,16.7,75.9,25.73,1,2,15
Summer,0,1,22.2,65.9,19.68,23,2,98
Summer,0,0,32.7,,10.84,2,0,111
Fall,0,0,14.8,48.0,18.88,14,0,54
Spring,0,1,17.9,63.0,7.35,12,2,119
Spring,0,1,,71.8,11.9,11,2,61
Summer,0,1,26.0,38.4,8.62,11,0,190
,0,1,9.1,19.9,6.48,10,6,135
Spring,0,1,14.5,50.7,12.58,6,4,71
Summer,0,1,28.9,79.2,16.12,3,0,44
Spring,0,1,20.8,29.6,6.16,18,3,191
Winter,0,1,10.5,22.7,14.7,19,0,97
Winter,0,1,-1.4,63.3,1.72,14,0,23
Fall,0,0,14.9,52.5,9.71,18,5,133
Summer,0,0,25.2,75.1,11.06,6,1,100
Fall,0,1,15.7,49.0,8.01,4,2,76
Fall,0,1,22.8,76.1,9.46,17,3,161
Fall,0,1,13.3,67.1,6.22,17,2,78
Winter,0,1,-0.3,64.0,14.72,22,1,1
Winter,0,1,-1.5,68.6,14.29,3,5,1
Spring,0,0,11.3,83.8,9.01,10,5,38
Spring,0,1,17.5,40.2,6.22,14,1,140
Fall,0,1,16.3,42.4,6.69,19,1,182
Fall,0,1,16.6,70.8,5.4,1,2,44
Winter,0,1,4.2,50.3,13.52,20,4,11
Summer,0,0,31.4,53.7,5.19,5,3,167
Summer,0,1,31.1,40.0,9.1,4,0,134
Summer,0,0,22.0,69.1,10.34,11,2,140
Summer,0,0,29.2,69.0,4.96,0,1,112
Spring,0,1,21.0,24.7,8.99,20,5,129
Summer,0,1,29.6,88.2,5.39,14,2,209
Fall,0,1,17.2,61.7,11.9,5,4,8
Spring,0,1,20.9,44.6,0.98,21,6,115
Spring,0,0,13.7,61.4,3.22,16,1,81
Spring,0,1,14.7,58.3,2.17,7,1,126
Summer,0,0,23.9,67.4,7.91,4,5,64
Spring,0,1,12.8,70.9,12.56,22,5,54
Summer,0,1,25.4,,3.46,22,0,139
Fall,0,0,19.2,47.8,8.12,23,4,107
Fall,0,1,19.7,24.4,13.57,16,5,126
Fall,0,1,17.0,69.9,27.39,0,6,19
Winter,0,0,-2.0,34.9,5.13,12,3,7
Summer,0,1,19.9,47.2,18.05,1,4,54
Winter,0,1,6.3,58.8,7.41,1,4,22
Fall,0,1,11.6,42.5,8.76,3,4,73
Summer,0,1,25.6,56.8,7.95,3,1,134
Spring,0,1,19.4,62.4,31.51,7,3,89
Fall,0,0,18.7,54.2,14.71,10,5,84
Fall,0,1,22.4,23.1,12.94,20,2,170
Summer,0,1,28.3,61.3,26.65,1,6,68
Fall,0,1,17.5,42.2,4.6,6,5,105
Winter,0,1,0.6,60.1,6.73,18,0,72
Fall,0,0,24.9,,9.59,9,6,145
Spring,1,0,20.2,100.0,4.51,19,6,90
Winter,0,0,9.5,59.9,16.21,4,5,1
Summer,0,1,22.0,49.2,10.11,12,4,119
Fall,0,1,10.0,47.0,12.54,2,5,31
Spring,1,1,,78.9,5.25,19,6,23
Fall,1,1,20.8,50.0,16.25,21,3,57
Summer,0,0,24.6,53.3,7.14,21,0,130
Spring,1,0,7.5,,6.11,19,6,13
Spring,0,1,16.7,56.4,8.59,17,4,121
Winter,0,1,2.4,47.0,14.33,2,5,1
Winter,0,1,2.3,61.9,9.96,2,4,1
Spring,0,1,10.1,63.0,5.92,13,3,92
Summer,0,0,28.6,63.1,9.57,15,0,176
Spring,0,1,19.6,44.4,2.73,5,3,104
Winter,0,1,0.6,61.5,5.82,2,0,1
Fall,0,0,20.2,49.6,9.75,17,2,102
Summer,0,1,32.6,51.9,21.06,6,3,133
Winter,0,1,,40.2,8.73,19,6,90
Spring,0,1,14.5,39.4,10.65,23,1,87
Fall,0,0,22.9,80.7,10.89,16,2,137
Summer,0,1,30.2,76.7,15.38,0,0,71
Winter,0,0,-0.9,60.0,17.37,1,3,1
Winter,0,0,11.1,46.3,1.4,3,3,39
Fall,0,1,14.5,54.8,14.9,1,5,41
Winter,0,1,-1.4,,0.37,17,3,3
Fall,0,1,21.2,72.7,12.49,5,2,63
Winter,0,1,5.9,56.5,14.73,14,1,22
Spring,0,1,21.1,84.0,17.01,11,4,119
Summer,0,0,22.9,55.7,14.68,3,3,69
,0,1,20.4,41.7,7.14,23,2,127
Summer,0,0,28.5,37.6,0.77,3,5,161
Fall,0,1,16.7,52.2,4.11,7,4,115
Fall,0,0,21.2,54.1,15.14,6,1,66
Spring,0,0,15.9,72.0,15.74,4,3,28
Fall,0,1,14.9,42.2,9.44,3,0,48
Spring,0,1,19.5,58.0,9.69,18,6,208
Spring,0,1,20.0,34.9,4.49,11,6,177
Fall,0,0,10.6,61.5,16.74,1,4,1
Spring,0,1,14.3,65.4,16.82,18,4,154
Fall,0,1,17.0,80.8,35.0,10,4,40
,0,1,27.6,60.0,6.62,13,4,174
Winter,0,1,12.6,69.3,1.59,20,5,73
Summer,0,1,26.1,77.8,13.38,23,6,112
Summer,1,0,30.7,58.7,14.0,2,5,74
Winter,0,1,7.0,,38.25,3,2,1
Spring,0,0,16.8,54.4,5.7,12,4,118
Fall,0,1,19.8,81.3,10.88,12,5,111
Summer,0,1,22.6,40.8,7.5,21,1,139
Fall,0,1,23.0,84.4,8.7,13,6,80
Winter,0,0,,48.8,24.04,5,3,1
Summer,0,1,22.0,46.3,12.9,15,4,124
Fall,0,1,12.2,91.2,9.7,11,3,98
Spring,0,1,14.0,55.1,11.42,2,1,30
Winter,0,1,-0.3,53.0,4.99,12,6,38
Summer,0,1,27.3,59.4,2.32,19,0,210
Spring,0,0,19.0,43.4,6.73,14,5,104
Spring,0,1,16.0,,12.41,2,6,45
Winter,0,1,3.5,42.6,10.55,8,3,94
Winter,0,0,14.0,50.9,6.63,6,2,50
Fall,0,1,19.2,70.1,4.93,23,5,60
Fall,0,1,26.3,81.4,3.53,0,5,106
Winter,0,1,0.0,59.9,21.28,3,3,1
Fall,0,0,12.4,76.9,0.88,7,5,111
Spring,0,0,21.3,69.5,8.72,22,2,98
Fall,0,1,12.7,32.7,12.02,22,6,94
Summer,0,0,33.7,44.8,3.58,18,0,285
Winter,0,0,4.3,54.7,1.89,4,5,1
Fall,1,1,,58.2,11.23,18,3,142
Spring,0,1,13.8,48.7,4.93,9,0,126
Spring,0,1,14.4,74.5,10.44,11,5,105
Spring,0,0,19.6,71.7,3.85,7,5,134
Summer,0,1,25.1,66.6,5.16,11,3,165
Fall,0,1,19.3,86.8,7.28,18,4,176
Fall,0,1,21.6,56.0,10.93,21,0,90
Summer,0,1,27.4,51.8,7.99,19,6,184
Winter,0,1,8.6,,6.26,19,1,107
Winter,0,1,11.9,31.1,9.69,13,0,101
Winter,0,1,-3.6,36.5,4.5,1,2,1
Fall,0,1,21.7,50.1,10.93,3,5,79
Winter,0,1,-0.2,68.7,2.27,18,0,98
Summer,0,0,33.7,99.9,0.69,12,4,151
Winter,0,0,1.1,55.8,6.91,5,5,1
Summer,0,1,30.3,64.4,10.93,11,3,187
Summer,0,1,28.6,74.3,9.42,4,3,118
Winter,0,0,4.8,66.9,21.97,8,1,54
Summer,0,0,22.5,58.1,33.0,17,5,97
Winter,0,1,,63.6,8.89,2,1,1
Summer,0,0,29.7,75.3,17.65,1,0,50
Winter,0,0,10.7,60.3,4.78,3,4,1
Summer,0,1,23.8,64.5,5.68,19,2,145
Spring,0,1,19.6,78.1,1.2,10,5,139
Spring,0,1,21.2,57.0,7.41,16,4,140
Spring,0,1,21.5,74.4,14.21,23,0,86
Winter,0,1,2.8,45.6,6.32,8,2,80
Summer,0,0,29.6,67.2,10.82,18,2,236
Fall,0,1,18.1,57.3,22.78,3,0,59
Winter,0,0,7.7,77.5,20.35,19,4,48
Winter,0,1,5.6,64.9,5.33,19,6,78
Fall,0,1,22.1,78.0,2.94,0,6,102
Summer,0,1,30.7,88.9,9.51,15,0,228
Summer,0,0,,63.9,6.24,14,6,152
Spring,0,1,19.4,76.8,8.18,15,6,146
Spring,0,1,16.2,58.6,2.18,13,0,80
Summer,0,1,19.8,43.7,6.7,8,3,212
Spring,0,0,15.5,81.5,7.5,3,4,3
Spring,0,1,16.2,74.0,2.94,6,4,72
Winter,0,0,5.8,66.3,3.35,14,4,9
Spring,0,0,15.2,44.7,11.99,18,3,165
Fall,0,0,22.2,71.0,7.47,7,1,105
Summer,0,1,,33.0,17.25,7,0,167
Fall,0,0,19.1,60.7,5.28,19,3,132
Fall,0,0,20.9,63.5,16.13,2,5,52
Summer,0,0,28.1,52.3,2.1,20,4,146
Winter,0,0,2.0,80.2,7.33,6,5,1
Spring,1,0,17.6,51.4,1.92,4,2,38
Spring,0,1,15.5,64.5,7.04,10,2,98
Fall,0,0,19.5,55.2,7.92,10,5,121
Spring,0,1,16.5,70.0,20.35,0,1,48
Spring,0,0,17.1,57.3,10.98,0,6,34
Winter,0,1,11.0,66.4,6.77,5,1,30
Spring,0,0,21.3,85.6,4.96,1,0,57
Summer,0,0,29.5,45.8,4.29,0,1,134
Fall,0,1,21.5,49.0,23.39,12,3,136
Summer,0,1,30.6,69.9,4.53,5,5,127
Summer,0,0,23.1,,21.81,14,6,143
Spring,0,1,19.0,53.6,4.35,2,5,73
Fall,0,1,14.3,49.0,7.04,10,5,128
Summer,0,1,25.9,54.0,11.69,21,0,154
Fall,0,1,19.4,55.3,9.18,23,4,69
Summer,0,1,30.7,47.9,16.19,1,0,149
Spring,0,1,11.0,67.2,4.36,21,6,33
Spring,0,0,17.7,,3.98,20,2,88
Summer,0,1,25.5,98.0,1.01,21,6,130
Spring,0,1,17.6,62.4,10.98,2,5,75
Summer,0,1,31.9,24.8,6.77,1,4,200
Summer,0,1,21.2,59.0,0.68,18,0,238
Summer,0,1,28.3,53.7,10.36,19,6,201
Spring,0,1,13.6,40.3,8.78,18,0,123
Fall,0,1,20.0,52.4,3.84,20,6,122
Spring,0,0,20.2,89.4,6.22,6,3,57
Summer,0,1,25.7,81.4,2.44,19,5,164
Winter,0,1,6.0,36.0,6.25,19,3,102
Summer,0,1,30.0,86.9,0.63,6,6,155
Spring,0,1,12.4,48.9,21.31,1,3,40
Summer,0,1,21.3,57.7,1.97,11,6,162
Spring,0,0,19.6,68.0,4.31,19,4,161
Fall,0,0,14.6,43.6,7.76,4,0,42
Summer,0,1,,72.1,11.13,15,3,146
Fall,0,0,14.6,78.3,3.14,21,6,52
Spring,0,1,13.0,50.7,13.1,0,4,25
Summer,1,1,29.9,43.5,6.77,0,3,139
Fall,0,0,12.9,60.3,3.43,10,1,81
Summer,0,0,26.7,53.6,18.08,22,0,61
Winter,1,0,2.5,35.5,4.85,16,5,1
Summer,0,1,25.5,69.0,14.88,22,6,131
Winter,0,1,4.4,68.7,7.44,15,4,1
Fall,0,1,20.5,65.9,11.25,4,0,72
Spring,0,0,17.0,64.6,45.67,6,5,1
Summer,0,1,34.5,25.3,8.47,16,2,253
Summer,0,1,25.3,57.4,15.51,2,4,81
Winter,0,1,3.2,82.8,12.26,2,1,1
Fall,0,1,18.6,51.8,11.7,16,6,108
Fall,0,1,20.0,81.8,0.52,8,3,166
Spring,0,0,12.3,77.2,4.36,13,1,79
Winter,0,1,-3.2,39.0,40.13,0,1,1
Winter,1,1,6.8,66.4,6.5,5,1,1
Fall,0,1,17.5,55.4,6.6,3,4,41
Spring,0,1,13.0,49.2,4.66,17,2,147
Winter,0,1,-1.6,67.2,18.87,4,4,1
Summer,0,1,25.9,84.5,4.6,5,1,62
Summer,1,0,28.7,83.9,18.07,6,2,67
Winter,0,1,3.9,82.3,1.23,19,2,51
Fall,0,1,12.0,63.4,11.55,7,0,70
,0,0,29.6,56.4,11.63,0,0,139
Fall,1,0,14.5,52.1,5.67,5,3,8
Fall,0,0,15.8,38.7,4.22,1,2,47
Winter,0,0,1.9,,11.98,7,2,34
Spring,0,1,14.2,55.6,20.92,11,6,88
Fall,0,1,22.7,66.1,13.26,22,0,124
Summer,0,0,,22.6,8.25,13,6,186
Summer,0,1,27.6,48.6,4.27,4,3,115
Winter,1,0,6.4,50.5,3.39,3,0,1
Spring,0,1,15.4,52.6,11.44,3,6,22
Fall,0,1,17.9,51.6,5.28,20,3,111
Winter,0,1,5.3,54.8,17.86,18,2,87
Fall,0,1,18.0,76.0,13.37,18,3,172
Summer,0,1,26.5,36.7,2.76,22,2,175
Spring,0,1,15.9,50.0,8.64,14,5,115
Fall,0,1,19.5,46.5,7.46,20,1,95
Fall,0,1,16.5,57.7,2.33,5,0,84
Winter,0,1,8.4,17.5,11.79,18,0,167
Spring,0,1,14.7,74.1,7.69,19,3,119
Winter,0,0,3.7,69.6,6.08,8,3,83
Fall,0,0,15.5,58.7,5.98,22,4,79
Spring,0,1,15.4,61.2,10.51,14,3,61
Spring,0,1,12.7,73.8,6.82,22,3,46
Fall,0,0,14.5,77.2,5.52,10,5,80
Spring,0,1,13.5,48.6,3.77,8,2,154
Spring,0,1,16.7,45.8,15.58,11,6,117
Spring,0,0,12.6,74.1,5.47,7,6,74
Summer,0,1,23.5,46.4,11.87,7,3,194
Winter,0,0,5.2,38.1,6.42,10,3,63
Summer,0,0,19.9,45.0,15.15,15,3,119
Winter,0,1,0.6,52.2,7.12,14,4,33
Winter,0,0,-2.9,86.7,25.41,11,5,1
Summer,0,1,31.4,52.5,11.69,18,1,262
Summer,0,1,,71.3,8.43,10,6,153
Spring,0,1,7.8,62.3,2.06,5,1,15
Spring,0,1,12.6,61.9,8.02,21,2,52
Winter,0,1,8.1,,15.49,19,1,82
Spring,0,1,16.1,64.1,20.62,12,3,90
Summer,0,0,26.9,77.8,71.15,16,3,125
Summer,0,0,30.3,70.0,4.24,8,0,231
Summer,0,1,32.0,56.8,3.47,2,1,159
Winter,0,1,,50.0,6.8,6,6,32
Fall,0,0,,62.8,31.04,4,5,31
Summer,0,0,31.3,54.5,12.46,8,5,239
Summer,0,1,26.7,55.2,1.61,22,3,169
Winter,0,1,3.7,63.2,12.52,13,2,49
Fall,0,1,21.3,60.8,17.21,20,4,79
Fall,0,1,11.5,64.2,6.04,21,3,52
Fall,0,0,11.3,63.4,10.01,1,3,30
Summer,0,0,33.0,54.3,20.05,19,2,155
Winter,0,0,,85.7,6.29,7,1,28
Summer,0,1,24.4,73.1,10.08,6,2,157
Spring,0,0,23.0,70.0,6.34,0,2,72
Fall,0,1,23.8,70.3,4.25,19,2,171
Summer,0,1,27.9,,9.47,14,1,188
Fall,0,1,17.2,55.8,20.42,2,4,56
Winter,0,1,1.5,67.9,17.15,13,6,50
Spring,0,0,16.5,100.0,3.15,13,0,84
Summer,0,0,33.9,,22.23,23,4,162
Spring,0,1,15.7,40.2,5.28,18,0,166
Summer,0,1,25.6,67.8,3.88,10,2,192
Summer,0,0,27.0,89.6,10.01,18,4,163
Spring,1,1,14.4,73.5,5.27,2,0,1
Fall,0,1,19.2,72.2,0.48,5,5,95
Fall,0,0,21.8,61.3,4.39,12,5,150
Summer,0,1,31.4,57.8,11.13,16,0,189
Spring,0,1,15.7,58.9,2.53,4,0,76
Winter,0,1,3.7,57.2,4.22,14,0,52
