machine,temperature,pressure,vibration,rotation_speed,humidity,operation_hours,defect
C,57.7,130.0,2.11,1661.0,48.9,13.3,1
A,59.8,104.3,1.45,1507.0,40.3,4.9,0
C,72.3,112.2,3.21,1350.0,42.9,7.2,0
A,78.8,96.4,1.94,1260.0,38.9,8.7,0
B,74.1,121.9,0.86,1442.0,53.2,7.0,1
A,77.2,117.3,0.83,1584.0,37.2,4.1,0
B,83.1,108.0,1.08,1561.0,,10.9,1
C,87.6,123.1,3.71,1542.0,55.3,5.8,1
B,68.6,112.0,6.21,1545.0,40.3,7.8,1
C,69.2,126.9,2.26,1444.0,47.5,6.1,1
C,77.0,83.8,3.22,1436.0,19.7,11.9,0
A,71.2,123.7,1.42,1529.0,43.9,8.7,0
B,68.6,110.0,2.5,1593.0,50.7,10.3,0
C,73.2,133.7,2.2,1622.0,51.4,6.6,0
C,66.4,123.0,1.61,1426.0,46.8,5.3,0
C,,118.0,0.94,1259.0,48.3,2.4,0
A,80.8,125.8,1.87,1315.0,,4.1,0
B,,96.7,1.25,1601.0,41.0,4.2,0
A,70.4,115.2,1.97,1618.0,39.1,7.7,0
C,,116.6,1.83,1605.0,51.7,11.2,0
A,,88.5,3.91,1570.0,43.7,0.6,0
C,67.9,109.7,3.19,1501.0,29.7,3.5,0
A,87.2,123.4,1.7,1470.0,64.3,6.2,1
C,90.7,116.4,4.27,1437.0,44.3,6.2,0
B,72.3,109.7,3.02,1498.0,47.1,7.7,0
A,77.2,123.9,1.89,1337.0,47.1,2.9,1
A,91.8,110.4,2.94,1463.0,33.0,5.7,1
B,68.4,118.0,0.53,1530.0,45.2,6.6,0
A,92.1,92.7,1.81,1657.0,32.2,0.0,0
B,71.7,114.3,2.57,1503.0,43.3,5.7,1
A,69.1,112.8,1.58,1418.0,40.5,8.6,0
A,92.7,88.0,0.58,1593.0,59.5,7.5,0
C,71.7,93.0,1.35,1392.0,31.5,2.1,0
B,78.4,123.2,2.46,1695.0,28.4,7.6,1
A,82.6,106.2,2.56,1434.0,,2.7,0
A,76.0,125.5,2.17,1504.0,45.8,8.3,1
A,68.1,122.7,1.48,1506.0,49.5,6.3,0
A,72.1,101.4,0.61,1557.0,56.9,8.0,0
A,,95.3,1.21,1309.0,40.3,13.0,0
B,87.1,107.9,1.79,1598.0,38.3,6.3,1
C,80.8,106.7,0.63,1443.0,46.3,9.4,0
C,63.6,97.5,3.71,1372.0,22.6,7.5,0
A,79.6,112.0,1.01,1411.0,53.4,3.4,0
A,71.2,117.1,1.79,1467.0,50.6,8.5,0
B,85.9,133.5,1.31,1542.0,47.9,8.2,1
B,82.7,108.0,1.09,1421.0,58.6,13.6,0
B,71.5,108.9,1.91,1617.0,50.0,6.1,0
A,67.9,127.5,2.57,1583.0,38.0,6.4,1
B,70.9,127.7,2.74,1677.0,57.5,5.2,0
,76.9,108.5,2.93,1385.0,39.6,5.0,0
A,80.6,104.6,2.21,1443.0,39.9,7.2,0
C,69.1,102.2,0.74,1504.0,61.6,6.4,0
C,75.2,118.8,3.01,1557.0,48.0,3.4,0
C,86.8,106.3,3.77,1632.0,45.6,14.9,1
C,86.4,102.2,0.3,1646.0,,10.6,0
C,70.1,107.8,1.38,1521.0,,10.2,1
B,88.3,117.8,2.65,1807.0,57.0,7.0,1
B,84.3,113.4,1.41,1581.0,53.1,5.1,0
B,78.2,115.3,0.9,1559.0,37.5,11.4,1
B,82.2,126.4,0.12,1427.0,47.8,9.4,1
A,68.7,107.7,1.38,1286.0,46.5,7.1,0
C,77.0,102.8,2.1,1511.0,26.4,6.5,1
A,78.8,136.1,5.01,1496.0,44.4,4.8,1
C,80.5,103.6,0.87,1555.0,41.7,4.6,0
C,68.7,112.6,2.12,1506.0,32.7,7.5,1
B,84.7,88.5,7.14,1549.0,70.4,6.8,1
C,75.9,114.7,3.38,1378.0,50.1,6.3,0
A,67.5,110.8,1.03,1440.0,56.2,9.4,0
B,88.6,135.7,2.31,1437.0,35.0,4.1,1
B,86.6,95.9,1.71,1623.0,22.9,6.3,0
A,76.0,81.2,1.09,1631.0,47.1,8.0,0
A,70.9,96.9,1.08,1586.0,51.4,12.1,0
A,78.3,100.0,0.19,1728.0,74.6,13.3,0
B,66.3,92.3,1.18,1513.0,50.6,6.7,0
B,,117.1,0.81,1349.0,52.5,8.1,0
B,89.8,116.8,3.72,1447.0,57.4,6.7,1
B,97.0,100.6,1.74,1684.0,44.0,8.3,1
B,80.6,114.2,0.2,1428.0,53.3,2.9,0
B,78.1,105.7,1.34,1670.0,49.8,18.0,0
A,69.8,111.2,3.14,1303.0,48.8,4.2,1
A,,105.1,3.68,1497.0,38.8,12.5,1
A,67.3,123.5,1.97,1618.0,53.1,10.5,0
B,80.8,106.7,2.31,1481.0,29.6,13.4,0
A,74.7,111.5,0.66,1506.0,47.0,6.8,0
B,74.5,119.4,2.48,1390.0,51.4,8.0,0
A,81.2,107.3,1.64,1516.0,36.6,9.3,1
A,72.7,108.9,3.79,1456.0,39.0,0.6,1
B,82.9,130.4,1.2,1437.0,28.9,7.1,1
A,54.9,119.9,2.24,1320.0,39.1,6.2,1
A,,118.6,3.15,1715.0,,10.4,1
B,83.1,104.7,1.3,1681.0,30.1,3.9,0
C,89.2,123.2,1.96,1582.0,24.2,11.0,1
A,80.3,120.5,2.12,1479.0,39.8,6.1,0
B,82.7,114.3,2.21,1593.0,59.2,5.3,0
A,55.8,115.2,3.67,1372.0,42.6,3.6,1
B,79.0,107.4,0.58,1636.0,39.2,9.3,0
C,75.5,130.0,1.97,1401.0,52.1,12.3,0
B,66.7,100.1,0.09,1331.0,40.0,4.2,0
A,75.3,118.7,1.33,1784.0,33.1,8.3,1
A,75.4,102.8,1.67,1451.0,49.1,12.5,0
A,72.3,102.3,3.14,1331.0,36.8,9.5,0
C,79.6,109.9,1.99,1610.0,,3.4,0
A,86.0,115.3,1.93,1684.0,41.3,0.7,0
B,80.5,117.9,1.52,1611.0,51.0,1.8,0
A,80.2,109.1,3.74,1485.0,49.5,8.2,0
C,68.0,108.7,0.13,1257.0,53.9,9.3,0
A,78.5,132.0,1.94,1506.0,41.3,3.9,0
A,76.4,99.9,3.06,1386.0,48.7,8.8,1
A,78.0,107.6,0.93,1464.0,47.8,6.9,0
C,83.8,117.6,1.35,1439.0,58.8,3.4,0
B,76.5,106.8,16.25,1592.0,41.0,4.7,1
A,67.9,118.1,4.05,1195.0,22.5,7.3,1
C,80.4,93.2,0.57,1524.0,47.3,6.7,0
A,70.1,109.0,1.51,1517.0,35.9,9.7,0
A,73.2,101.4,3.29,1583.0,63.3,0.9,1
A,72.6,115.9,2.93,1422.0,30.4,11.0,1
B,74.9,103.2,1.94,1433.0,45.7,8.2,1
C,55.5,126.3,3.41,1380.0,49.2,8.5,0
A,68.0,110.0,2.33,1315.0,21.5,8.9,0
B,74.3,122.4,1.18,1349.0,55.8,9.7,0
B,74.5,112.7,2.89,1477.0,56.2,8.7,0
C,73.0,131.4,6.21,1460.0,48.6,8.9,1
C,75.6,103.2,1.01,1409.0,,12.6,0
A,77.2,98.8,3.63,1505.0,55.0,0.1,1
A,66.9,115.2,2.29,1653.0,44.2,11.3,0
B,86.2,91.0,1.01,1310.0,60.6,10.1,0
A,73.2,103.2,1.16,1750.0,,7.9,1
C,75.6,99.6,2.61,1527.0,50.4,3.4,1
C,73.2,106.1,2.64,1455.0,30.2,11.6,0
A,64.3,103.0,1.01,1367.0,37.7,7.9,0
B,64.5,89.5,1.26,1436.0,26.0,16.7,1
B,73.2,94.2,1.31,1568.0,62.7,7.4,0
B,86.8,115.9,1.16,1558.0,64.8,11.5,1
C,66.6,121.2,3.57,1235.0,56.9,6.0,1
C,76.7,96.3,2.91,1586.0,51.6,7.4,0
C,66.1,107.0,1.41,1358.0,58.5,6.5,0
B,75.2,118.3,1.41,1638.0,42.8,11.0,0
A,66.7,112.6,2.96,1587.0,44.6,4.1,0
C,64.9,128.3,4.83,1374.0,54.5,2.2,1
C,65.3,122.9,1.87,1508.0,25.2,7.2,0
B,68.5,93.4,4.03,1370.0,40.6,7.8,1
A,73.7,119.7,0.91,1310.0,48.9,9.3,0
C,71.3,115.3,3.31,1453.0,43.5,12.9,0
C,68.1,116.3,1.91,1440.0,36.8,0.0,0
B,78.2,124.6,0.69,1567.0,45.2,7.7,1
C,78.0,124.4,1.23,1299.0,49.1,5.9,1
A,73.4,114.2,3.34,1607.0,,5.2,1
A,79.7,108.2,5.53,1486.0,54.1,2.9,0
A,73.7,106.8,1.04,1557.0,47.5,8.0,0
B,65.3,116.1,0.77,1436.0,40.5,9.5,0
A,83.4,109.7,1.41,1367.0,49.6,8.8,0
A,72.3,126.1,2.59,1555.0,48.8,9.7,0
A,71.4,112.7,1.96,1608.0,49.7,3.9,0
C,90.2,104.1,2.74,1405.0,23.8,5.1,1
A,63.0,105.4,1.6,1502.0,46.1,9.9,1
A,67.5,124.2,0.9,1455.0,57.1,4.4,0
C,68.4,125.4,0.33,1476.0,33.5,13.7,0
A,83.4,94.6,1.52,1375.0,50.5,11.9,0
A,80.9,84.0,5.16,1475.0,46.4,7.0,0
A,80.3,116.9,1.49,1261.0,47.9,11.8,0
B,69.3,106.0,4.68,1576.0,59.5,7.8,1
A,69.9,100.0,2.37,1534.0,30.0,8.2,0
C,66.5,91.0,1.62,1497.0,58.0,9.3,0
A,81.2,115.1,1.1,1447.0,45.6,8.8,0
C,67.5,112.2,0.27,1507.0,28.7,14.0,0
B,70.1,115.1,2.65,1411.0,58.1,14.1,1
A,63.0,87.8,3.59,1291.0,31.0,5.6,0
B,78.6,114.0,0.27,1390.0,19.6,4.6,0
A,72.6,105.4,1.94,1237.0,39.5,8.6,0
A,87.0,108.1,0.94,1541.0,63.6,9.2,0
C,79.0,100.0,3.38,1628.0,41.9,9.3,0
B,68.0,83.4,2.5,1475.0,58.6,4.1,1
B,62.1,111.8,0.51,1547.0,62.8,4.8,0
C,64.1,108.0,0.64,1411.0,31.6,4.3,0
A,75.4,110.3,1.28,1576.0,52.1,5.0,0
A,71.5,121.9,1.43,1553.0,43.4,7.3,0
C,71.3,107.2,2.35,1526.0,56.3,7.1,1
B,75.6,97.3,1.82,1448.0,54.6,8.8,0
A,62.7,109.7,3.14,1410.0,62.7,6.4,0
C,62.7,113.1,1.0,1567.0,46.7,8.2,1
B,69.1,109.2,0.87,1545.0,46.9,8.3,0
B,70.0,111.9,1.03,1429.0,39.0,4.5,0
A,62.7,109.6,0.88,1298.0,19.1,10.3,0
B,84.0,111.2,2.16,1620.0,,11.0,1
A,70.8,95.5,0.85,1642.0,53.5,3.9,0
B,,104.7,1.9,1486.0,43.8,13.8,1
A,75.6,109.6,1.62,1636.0,53.3,7.0,0
B,80.8,106.6,5.72,1517.0,36.5,3.7,1
B,93.5,103.8,1.18,1492.0,44.7,6.7,1
A,70.8,113.1,2.85,1508.0,51.4,7.9,0
A,,86.5,0.51,1345.0,48.8,12.8,0
A,66.3,98.1,1.39,1664.0,34.1,2.6,0
A,67.3,124.3,1.0,1652.0,56.0,3.8,0
C,55.8,100.1,3.1,1431.0,48.7,11.6,0
B,71.1,113.5,1.07,1720.0,30.9,8.8,0
A,75.9,111.2,5.53,1401.0,59.0,7.7,1
B,61.3,100.7,1.92,1383.0,41.9,13.5,0
A,81.4,118.5,3.53,1487.0,40.1,8.5,1
A,98.7,112.0,3.9,1589.0,,12.3,1
A,58.7,106.6,1.03,1647.0,48.7,6.3,0
A,75.5,120.9,1.13,1546.0,35.4,6.4,0
C,69.9,112.6,0.56,1434.0,38.0,6.2,0
B,73.5,103.9,3.24,1612.0,43.1,9.6,0
A,72.4,103.1,0.29,1341.0,48.4,8.3,0
C,88.3,140.1,2.47,1425.0,50.1,8.0,0
B,77.4,129.8,3.32,1523.0,36.1,6.2,0
C,77.6,113.9,0.44,1419.0,57.3,9.5,1
C,86.8,86.7,2.2,1408.0,49.2,12.8,1
A,73.5,110.3,1.22,1421.0,50.3,4.1,0
B,88.6,96.0,3.6,1541.0,24.6,8.7,1
B,68.0,120.4,1.73,1695.0,46.2,2.4,0
B,68.7,114.8,15.28,1377.0,55.2,7.1,0
A,76.7,112.1,0.73,1446.0,52.3,7.8,0
A,73.2,124.3,1.96,1308.0,50.4,6.0,0
A,73.8,89.7,4.54,1711.0,64.3,13.4,0
B,71.7,123.7,5.38,1383.0,41.9,10.2,1
A,59.8,113.4,2.2,1465.0,48.4,11.6,1
C,79.2,97.5,1.9,1383.0,31.2,5.0,1
A,71.9,119.8,2.91,1474.0,36.9,11.0,1
C,76.8,116.6,1.82,1474.0,52.3,12.7,1
A,71.6,120.8,2.15,1647.0,40.0,9.4,0
B,76.5,110.4,2.71,1359.0,54.2,10.2,0
A,61.2,105.2,1.4,1488.0,45.6,6.4,0
B,69.1,103.4,4.51,1579.0,56.1,16.7,1
A,70.3,130.8,1.9,1556.0,48.7,9.3,0
B,73.9,115.9,2.47,1474.0,33.8,12.0,1
A,,113.8,2.07,1647.0,36.6,6.9,0
B,79.1,102.7,1.99,1479.0,33.5,10.1,0
A,86.9,120.3,0.62,1709.0,58.4,9.4,0
C,86.7,121.7,3.76,1689.0,44.6,10.4,1
B,73.4,86.1,1.29,1612.0,42.4,8.0,1
A,84.4,126.4,1.32,1605.0,67.2,10.0,0
A,79.6,75.7,1.91,1354.0,35.1,8.3,0
A,60.3,99.4,5.35,1484.0,36.8,6.9,0
C,73.0,99.4,1.44,1605.0,64.1,11.8,0
A,86.2,122.5,0.73,1480.0,49.9,5.9,0
C,89.2,119.7,5.51,1559.0,50.5,8.2,0
A,72.7,101.9,0.93,1534.0,57.8,8.2,0
A,69.0,117.4,1.96,1266.0,58.8,5.6,0
C,78.6,103.1,3.14,1540.0,31.7,4.9,1
A,74.6,108.0,0.86,1255.0,34.8,7.3,0
A,72.3,82.5,0.94,1384.0,52.4,7.0,0
B,76.9,117.5,4.17,1558.0,49.6,6.0,0
B,61.4,98.6,0.85,1460.0,49.4,8.1,0
A,79.7,114.2,2.12,1334.0,53.1,5.5,0
B,82.9,118.2,1.15,1689.0,34.2,5.6,0
C,73.3,102.9,4.01,1486.0,42.2,14.7,1
A,67.7,92.8,1.8,1605.0,54.7,12.0,0
A,76.4,110.3,12.94,1488.0,50.4,6.0,1
C,79.0,122.7,1.14,1565.0,45.4,6.9,1
B,71.5,116.2,0.52,1498.0,39.8,10.6,0
B,76.7,105.9,0.87,1559.0,40.6,3.7,1
B,65.2,120.6,1.02,1537.0,63.7,2.6,0
A,57.1,105.8,0.7,1643.0,58.3,8.8,1
A,79.6,108.0,1.16,1547.0,59.3,7.7,0
B,75.6,114.1,2.41,1611.0,,8.7,1
C,77.0,115.0,5.08,1390.0,20.6,7.2,1
A,57.2,92.0,2.01,1368.0,47.7,5.5,0
B,69.0,114.4,1.6,1581.0,39.1,11.2,0
C,78.9,112.8,1.5,1538.0,55.7,7.2,1
B,61.6,100.7,5.08,1654.0,61.1,12.0,1
C,69.0,79.9,1.15,1476.0,47.3,2.8,0
B,62.3,101.8,2.51,1545.0,50.6,6.2,0
B,79.0,124.7,0.85,1537.0,41.1,6.7,1
B,75.7,136.6,1.59,1393.0,48.8,11.0,0
B,83.3,119.4,2.03,1448.0,23.5,4.9,0
B,59.1,125.2,3.05,1321.0,34.6,9.0,1
B,72.0,111.6,0.97,1465.0,41.3,10.6,0
B,67.3,112.5,0.87,1436.0,50.4,4.8,0
A,88.2,114.7,3.8,1552.0,48.8,9.8,1
A,75.1,95.9,0.6,1623.0,52.5,7.0,0
B,73.0,109.5,0.19,1473.0,46.7,8.0,1
B,71.1,113.7,0.11,1199.0,35.1,10.2,0
A,66.4,110.5,2.43,1318.0,51.6,7.1,0
A,66.0,111.1,3.09,1339.0,51.8,9.1,0
A,70.3,107.4,2.38,1594.0,58.1,10.9,0
C,76.4,107.0,1.84,1415.0,28.0,8.7,1
B,66.4,113.2,2.11,1555.0,39.7,7.1,0
A,84.9,107.0,2.45,1491.0,45.5,10.1,1
A,76.2,117.5,2.24,1511.0,52.7,11.1,0
C,,114.4,0.69,1389.0,67.3,8.8,1
A,80.5,99.1,0.54,1355.0,50.9,8.6,0
B,74.1,116.1,0.51,1717.0,51.8,4.0,0
B,65.2,113.0,1.29,1426.0,50.0,7.7,0
B,91.7,101.1,4.61,1460.0,37.1,6.7,1
C,49.9,105.4,3.33,1684.0,49.9,12.6,1
B,73.9,117.4,3.34,1671.0,,9.6,1
A,79.2,93.4,3.49,1466.0,55.2,7.8,0
B,,118.3,0.95,1514.0,30.2,6.6,1
B,64.9,126.0,1.17,1462.0,45.6,6.9,0
C,70.1,104.4,1.81,1532.0,35.2,8.7,0
A,69.3,124.6,3.27,1683.0,31.1,8.3,1
C,72.2,112.5,1.73,1504.0,29.4,6.3,0
B,71.3,108.0,3.68,1587.0,41.8,7.5,1
B,80.2,117.1,0.91,1566.0,37.9,8.4,1
B,71.4,107.0,1.53,1578.0,44.5,3.6,0
B,66.1,108.4,1.18,1598.0,15.9,5.7,0
B,78.0,87.8,6.24,1563.0,37.2,10.3,0
A,78.9,124.1,1.29,1542.0,40.4,9.6,0
B,85.8,98.3,0.61,1478.0,38.7,8.1,1
B,63.4,98.7,0.67,1363.0,49.6,3.9,0
B,70.3,115.1,1.98,1534.0,46.1,9.7,1
A,66.1,107.7,0.44,1531.0,23.7,9.5,0
B,74.1,99.7,0.52,1589.0,50.9,12.0,0
C,68.5,111.6,0.74,1336.0,47.6,8.6,0
B,81.1,103.5,5.26,1671.0,32.1,9.9,1
C,74.4,107.9,0.31,1551.0,48.2,8.6,0
B,70.2,110.4,0.74,1372.0,56.5,2.0,0
B,79.2,108.1,2.06,1370.0,35.1,13.4,0
A,74.9,88.6,2.39,1595.0,45.6,4.3,0
B,79.6,113.8,4.36,1626.0,28.4,3.9,1
A,92.3,103.8,1.24,1518.0,62.3,7.2,0
B,68.9,114.2,1.53,1597.0,35.0,5.3,0
C,70.0,101.5,3.5,1577.0,52.3,8.4,1
B,66.2,107.0,0.34,1792.0,35.5,5.7,0
B,80.6,121.2,2.03,1543.0,43.1,5.5,1
B,78.4,92.3,2.48,1473.0,67.8,8.6,1
A,75.7,90.6,1.26,1492.0,24.2,9.7,0
A,78.7,103.1,3.88,1494.0,50.1,7.9,0
A,67.7,111.7,1.43,1495.0,41.7,4.2,0
C,81.5,110.6,1.64,1551.0,9.5,9.5,1
C,72.9,116.4,1.05,1535.0,52.1,8.2,0
A,80.4,106.5,3.04,1584.0,52.6,12.6,0
A,70.4,121.9,0.62,1491.0,43.1,12.1,1
B,76.4,96.2,1.57,1388.0,50.0,9.3,1
A,69.1,112.5,1.49,1647.0,43.6,6.8,0
C,80.6,125.8,1.29,1424.0,43.3,6.9,0
B,78.4,112.5,2.2,1575.0,37.4,10.4,0
A,74.7,98.1,0.54,1507.0,38.4,8.7,1
B,77.8,110.8,3.63,1672.0,,5.0,0
B,72.2,100.4,0.14,1722.0,56.5,7.0,0
C,69.2,104.2,0.82,1396.0,,4.0,0
B,85.8,99.8,1.0,1507.0,42.5,5.8,0
A,82.4,97.8,0.48,1363.0,45.0,9.5,0
B,81.6,91.3,1.15,1453.0,53.6,5.0,0
C,76.3,123.6,2.49,1633.0,54.1,8.7,0
B,81.3,122.3,2.49,1505.0,49.4,8.8,1
A,95.5,103.8,1.02,1317.0,46.4,1.9,1
A,57.4,87.1,2.19,1453.0,63.1,11.1,0
C,79.8,119.6,2.2,1545.0,58.8,8.1,1
A,83.1,89.1,3.73,1383.0,46.3,13.9,1
B,70.8,103.3,1.95,1425.0,27.9,5.1,0
C,74.8,116.3,0.82,1660.0,49.1,9.2,1
C,76.0,103.8,0.89,1157.0,31.5,4.9,1
A,87.3,123.9,1.14,1468.0,25.0,8.3,0
B,71.5,106.1,2.41,1410.0,42.4,9.0,1
C,73.5,104.8,3.76,1503.0,49.5,8.4,1
A,85.8,106.6,5.48,1349.0,59.9,5.6,1
B,76.9,113.6,2.65,1542.0,44.7,4.8,1
C,68.0,101.6,0.7,1617.0,31.9,4.9,0
B,65.2,96.0,1.44,1327.0,54.0,3.7,0
A,91.3,97.9,1.57,1452.0,,8.6,0
C,78.3,107.2,1.88,1333.0,55.4,6.9,0
C,81.6,96.0,4.05,1682.0,37.8,8.5,1
,75.2,86.5,1.59,1686.0,38.4,7.8,0
B,76.7,111.2,1.97,1672.0,62.3,10.1,1
C,63.4,117.1,3.21,1513.0,,6.1,1
A,85.1,102.1,2.41,1263.0,61.3,7.7,0
B,64.5,109.8,4.04,1555.0,55.5,5.7,1
A,64.7,105.9,3.44,1493.0,61.2,3.8,0
B,67.2,105.3,3.95,1484.0,59.9,5.4,1
C,80.3,94.9,3.07,1381.0,76.9,5.3,1
A,72.0,101.1,3.68,1411.0,42.5,7.7,0
A,87.9,104.7,2.15,1618.0,36.7,3.1,1
B,64.9,110.3,1.47,1339.0,48.6,12.4,0
C,84.3,106.9,3.45,1496.0,49.6,1.8,1
A,73.5,136.6,4.95,1499.0,58.2,9.9,1
C,68.8,108.5,3.63,1590.0,36.5,9.8,1
C,75.4,126.3,2.35,1506.0,48.6,15.4,0
C,80.3,123.4,2.95,1584.0,25.6,8.2,1
B,71.7,99.8,0.87,1499.0,52.9,1.7,0
B,83.4,96.0,0.67,1340.0,52.2,6.1,1
B,77.6,128.9,6.6,1593.0,25.0,7.5,1
C,77.5,93.0,4.25,1376.0,66.6,4.3,1
A,65.5,92.1,3.37,1563.0,51.1,4.6,0
B,70.5,120.9,0.15,1575.0,40.0,3.8,0
A,64.5,109.0,0.33,1592.0,50.1,6.1,0
B,71.8,112.4,3.83,1481.0,50.6,7.1,1
B,80.5,109.2,0.86,1368.0,60.4,4.6,0
B,84.5,101.0,2.75,1439.0,45.1,3.4,1
A,63.9,96.2,0.63,1626.0,35.8,7.7,0
A,60.5,124.1,0.9,1527.0,55.0,2.6,0
B,77.7,116.3,2.07,1549.0,43.1,9.9,0
B,73.1,117.1,1.32,1293.0,44.2,8.6,0
B,66.4,90.2,2.93,1506.0,47.9,11.0,0
,81.2,108.9,1.62,1695.0,,8.6,1
B,69.2,110.1,2.86,1315.0,30.0,6.5,1
C,69.2,118.8,3.48,1493.0,42.2,7.2,0
A,72.4,120.7,0.12,1530.0,40.9,7.7,0
B,72.8,103.2,0.6,1479.0,35.6,12.2,0
C,86.4,109.2,1.22,1660.0,46.6,8.3,1
C,75.8,112.8,3.98,1369.0,50.5,4.5,1
A,80.1,119.5,7.61,1517.0,47.2,6.1,1
A,69.7,106.4,1.12,1339.0,56.0,8.7,0
B,63.8,84.3,0.79,1537.0,35.9,11.0,0
B,87.4,120.4,1.58,1387.0,37.3,8.5,1
C,89.5,92.1,4.53,1534.0,47.9,4.2,1
A,70.7,98.4,0.53,1250.0,51.1,13.1,0
A,63.8,113.8,5.27,1479.0,43.6,9.5,1
A,62.3,113.4,0.5,1355.0,69.3,11.2,0
C,68.8,144.3,2.54,1634.0,65.9,10.2,1
A,59.9,112.3,1.13,1602.0,29.4,10.9,0
A,87.1,130.1,1.83,1379.0,18.6,4.4,0
B,60.8,102.8,0.26,1141.0,,10.2,0
A,79.2,123.3,3.51,1822.0,63.1,2.9,1
A,73.2,99.2,3.49,1480.0,64.7,6.4,0
B,63.6,117.5,2.05,1433.0,44.2,11.8,0
A,72.1,93.3,1.63,1561.0,59.5,11.2,0
C,82.2,97.6,2.53,1515.0,38.8,9.4,0
B,68.2,102.0,1.07,1729.0,43.4,5.8,0
A,77.6,104.7,3.37,1503.0,48.4,2.7,0
C,63.0,89.7,1.01,1533.0,45.3,7.8,0
B,71.0,93.5,3.6,1425.0,36.0,0.0,0
B,71.1,110.4,1.58,1421.0,42.3,12.6,0
C,72.9,117.4,1.74,1573.0,24.8,4.7,0
A,88.7,96.3,2.7,1726.0,36.7,1.5,0
B,69.5,128.2,4.59,1705.0,63.1,6.7,1
C,68.8,113.3,3.55,1512.0,39.8,3.9,0
C,71.9,112.2,1.88,1460.0,50.0,11.9,1
A,68.0,103.9,3.62,1656.0,36.5,5.7,1
B,77.2,122.0,0.88,1597.0,64.3,6.7,0
A,86.8,108.2,0.94,1439.0,33.9,13.4,0
B,103.0,91.2,1.84,1526.0,39.7,11.1,1
B,83.9,132.7,2.84,1509.0,39.4,4.0,1
C,70.8,117.7,1.34,1425.0,34.8,5.4,0
B,89.6,113.9,3.18,1586.0,37.7,7.1,1
A,60.7,76.7,3.08,1593.0,27.2,10.0,0
A,93.9,101.3,0.66,1302.0,52.5,5.0,0
B,67.8,106.6,4.8,1539.0,52.7,9.2,1
A,71.3,117.6,2.72,1571.0,30.0,3.9,0
A,69.7,116.2,1.37,1531.0,44.0,4.6,0
A,80.3,101.8,1.65,1493.0,39.9,8.3,0
A,69.2,107.0,4.47,1574.0,37.9,10.5,1
C,77.8,85.0,0.49,1403.0,45.1,8.0,0
C,79.1,107.0,1.92,1471.0,45.7,6.9,0
B,73.3,101.2,0.9,1522.0,38.9,4.9,0
B,78.0,108.7,2.21,1449.0,38.5,4.1,1
B,72.3,141.3,1.27,1520.0,41.9,6.3,1
A,,124.1,0.37,1520.0,33.8,8.8,1
A,83.2,123.0,3.47,1745.0,,12.7,0
B,78.1,116.3,5.08,1323.0,,10.9,1
A,64.3,106.5,0.86,1326.0,49.4,10.3,0
C,78.5,109.6,0.65,1517.0,52.4,3.8,1
A,66.1,125.6,2.04,1354.0,51.3,9.5,0
B,68.6,90.5,5.94,1572.0,48.2,10.0,1
A,86.5,108.8,4.22,1405.0,59.2,5.8,0
A,75.4,106.9,5.06,1728.0,53.3,7.2,0
C,65.8,126.2,0.85,1636.0,44.2,6.0,0
A,83.7,122.3,3.54,1499.0,40.0,13.9,1
B,92.8,100.1,6.39,1637.0,40.6,11.7,1
C,63.4,118.4,1.53,1549.0,47.7,4.8,0
B,70.4,109.1,2.1,1384.0,46.0,10.2,0
C,73.0,101.9,1.44,1509.0,27.9,11.2,0
A,79.5,108.1,6.71,1551.0,41.2,6.3,0
B,70.9,101.2,4.29,1518.0,41.9,9.6,0
A,69.2,93.3,3.36,1600.0,55.3,9.9,1
C,68.3,86.4,3.29,1236.0,,5.5,0
A,81.5,96.4,1.24,1312.0,44.1,3.3,1
A,69.3,98.6,1.98,1594.0,,7.7,1
,79.2,112.9,0.22,1441.0,55.2,4.5,0
C,66.3,112.1,0.57,1488.0,44.2,9.7,0
B,74.1,98.9,2.13,1430.0,55.8,4.4,1
A,62.1,106.7,6.2,1689.0,65.1,12.4,1
B,66.9,110.2,0.81,1451.0,55.9,8.9,0
B,74.7,118.6,2.02,1579.0,,6.7,0
A,74.5,107.5,6.63,1283.0,53.3,7.5,1
B,70.6,108.0,2.75,1363.0,55.7,5.7,0
C,85.2,91.6,0.9,1497.0,46.4,8.6,0
A,85.6,102.2,0.71,1299.0,43.2,9.0,0
B,73.4,80.6,2.47,1664.0,24.9,10.9,1
C,65.6,136.4,1.27,1502.0,,12.3,1
A,,110.8,1.11,1436.0,54.5,10.0,0
C,69.1,124.7,1.41,1585.0,54.3,7.8,0
A,75.1,107.5,1.09,1556.0,33.5,7.7,0
A,78.0,124.6,3.16,1577.0,57.1,5.1,0
C,83.9,111.4,4.6,1400.0,59.5,6.3,1
B,80.0,121.6,2.01,1477.0,29.1,10.7,1
C,86.7,111.0,2.47,1449.0,41.7,7.8,1
B,73.1,120.6,1.21,1492.0,36.1,6.2,0
A,61.0,108.1,4.03,1309.0,46.1,11.4,0
A,70.7,103.0,3.81,1497.0,79.3,3.8,0
C,79.7,89.5,1.46,1272.0,37.9,11.3,1
A,87.1,121.4,3.48,1441.0,44.2,6.8,1
C,74.9,111.2,1.91,1409.0,41.0,4.6,1
B,82.6,106.7,3.86,1638.0,34.6,8.5,1
C,77.3,119.3,0.46,1634.0,51.6,4.2,1
C,91.6,106.7,2.45,1386.0,40.6,10.3,1
B,52.9,105.1,1.69,1209.0,38.4,11.6,1
A,68.1,122.8,0.64,1585.0,40.4,6.6,0
C,72.8,102.9,3.51,1356.0,27.2,4.6,0
B,80.4,105.5,0.9,1367.0,56.7,8.4,0
A,73.6,110.6,2.18,1443.0,43.2,9.3,0
C,69.2,90.1,0.5,1511.0,45.7,5.1,0
B,73.6,107.7,2.0,1490.0,37.7,8.3,0
B,77.2,89.7,1.7,1518.0,39.7,6.9,1
A,71.7,115.9,2.91,1579.0,38.1,15.5,1
B,62.4,103.5,2.19,1318.0,16.5,11.8,0
C,69.8,100.4,5.09,1585.0,27.6,7.0,1
C,67.2,90.9,1.93,1478.0,44.2,10.3,0
A,81.2,111.7,1.3,1482.0,27.6,2.9,0
A,69.0,116.1,1.77,1467.0,35.3,13.5,0
C,76.4,123.5,1.47,1545.0,54.0,5.3,1
A,76.7,101.5,1.03,1787.0,45.3,13.2,0
A,70.6,103.3,3.06,1548.0,48.7,10.8,0
C,77.0,107.8,2.69,1522.0,52.0,8.0,1
C,77.7,124.5,1.1,1612.0,54.2,10.6,1
C,93.0,100.3,1.65,1553.0,61.7,2.8,0
A,67.6,130.9,2.97,1660.0,41.4,10.9,0
B,74.7,126.5,3.14,1385.0,26.1,10.3,0
C,81.1,134.0,0.23,1365.0,49.8,4.5,0
B,71.0,126.0,4.68,1427.0,40.0,8.2,1
A,69.9,125.6,1.35,1359.0,71.6,6.1,0
B,72.4,110.8,2.83,1365.0,41.2,3.1,1
A,83.0,117.7,0.29,1415.0,43.7,6.2,0
A,98.7,124.6,1.91,1616.0,60.8,4.8,1
A,67.9,132.4,0.55,1537.0,36.0,10.7,0
,58.3,105.3,2.96,1532.0,60.8,12.1,1
A,78.3,96.5,2.32,1827.0,66.3,10.9,0
B,,120.7,2.56,1171.0,39.1,7.9,0
B,62.3,115.2,4.08,1430.0,32.2,9.3,1
A,65.1,94.0,1.56,1493.0,40.5,3.4,0
C,,109.6,0.29,1429.0,27.9,9.3,0
A,88.9,110.8,0.22,1330.0,42.8,8.5,0
C,87.6,127.9,3.88,1606.0,35.7,4.2,0
A,84.7,103.5,2.08,1435.0,63.6,5.2,0
B,82.6,117.2,4.26,1572.0,53.0,6.3,1
B,77.0,100.8,0.26,1578.0,37.3,10.8,0
A,69.8,109.2,2.25,1581.0,40.7,14.5,0
A,65.0,115.9,4.84,1426.0,45.3,8.1,0
C,78.0,113.0,0.24,1284.0,55.0,7.4,0
B,92.6,115.5,1.14,1316.0,60.0,5.6,0
,90.6,116.2,1.59,1629.0,26.8,3.9,1
A,73.2,115.9,2.27,1418.0,42.5,7.0,1
C,,115.5,2.34,1370.0,36.1,7.9,1
A,73.6,116.3,1.59,1530.0,51.0,8.4,1
B,,129.5,0.83,1441.0,28.7,7.0,0
C,73.2,91.7,1.1,1300.0,57.3,9.6,0
A,66.3,111.2,1.09,1276.0,45.0,6.7,0
A,63.1,115.5,3.07,1618.0,44.7,7.0,0
B,,114.7,1.64,1378.0,44.5,11.3,1
B,79.8,117.8,3.05,1446.0,,6.7,0
C,74.0,127.0,1.18,1481.0,56.6,1.7,1
A,64.1,89.1,4.4,1589.0,54.5,5.4,0
A,63.8,106.1,0.42,1386.0,26.3,10.4,0
A,65.8,116.7,2.57,1419.0,29.0,8.9,0
A,86.4,135.5,2.58,1488.0,39.5,5.4,1
A,56.1,106.6,1.98,1319.0,50.4,9.0,0
A,71.0,111.7,2.58,1530.0,32.3,8.8,0
C,70.4,107.4,0.65,1353.0,56.2,8.4,0
A,73.5,121.9,1.35,1525.0,50.6,11.2,0
A,65.7,88.7,1.35,1336.0,34.9,10.1,0
C,81.7,117.9,0.64,1442.0,41.3,8.8,0
B,75.3,112.1,0.75,1637.0,43.5,6.1,1
C,70.5,102.1,4.64,1407.0,34.8,6.8,0
C,72.9,127.0,0.51,1556.0,,6.4,1
B,72.8,117.1,1.62,1390.0,68.7,9.6,0
B,75.3,72.6,1.13,1538.0,47.6,3.7,0
,,113.8,2.27,1492.0,39.3,12.8,0
A,60.2,123.6,2.7,1505.0,37.3,10.8,0
C,68.3,114.5,0.8,1567.0,26.9,11.0,0
A,78.9,96.9,0.85,1401.0,65.5,6.4,0
A,69.7,113.8,2.02,1365.0,41.9,4.8,1
A,65.9,120.1,1.16,1564.0,42.2,10.2,0
B,84.1,110.9,1.79,1633.0,62.4,6.1,0
A,64.2,103.0,1.39,1470.0,46.0,10.3,0
B,82.6,108.7,2.75,1675.0,50.0,4.4,1
C,55.8,113.1,2.25,1572.0,50.4,6.0,1
B,78.7,124.3,5.65,1776.0,34.6,6.6,1
B,92.9,111.9,1.34,1416.0,29.5,14.0,0
C,83.5,99.8,3.61,1631.0,18.4,12.0,0
A,69.7,92.2,1.78,1514.0,31.3,6.0,0
A,74.8,100.7,1.36,1125.0,41.5,4.0,1
A,79.2,117.6,0.75,1443.0,57.8,8.0,1
A,80.9,116.1,1.43,1408.0,45.1,6.7,0
B,,101.1,0.22,1615.0,37.3,5.0,1
C,56.1,91.8,1.53,1197.0,60.2,2.7,0
B,78.2,126.3,5.26,1478.0,60.4,8.9,1
A,75.0,95.3,1.31,1470.0,59.4,5.5,0
B,68.5,104.0,1.85,1529.0,42.5,9.1,0
C,73.0,105.7,1.67,1486.0,30.3,7.4,1
B,67.8,113.1,4.22,1521.0,33.0,11.8,1
C,92.7,125.0,0.99,1301.0,52.8,3.3,0
C,67.4,124.4,1.16,1612.0,65.8,5.9,0
A,88.3,94.4,1.29,1474.0,22.6,5.8,0
C,99.3,113.8,1.72,1516.0,42.7,7.6,1
A,75.5,114.4,2.59,1403.0,28.3,3.7,1
B,84.8,107.8,2.3,1474.0,45.4,12.8,1
A,65.3,99.5,1.42,1585.0,48.8,8.3,0
C,93.1,101.0,0.51,1466.0,36.5,11.0,1
A,73.2,115.6,1.09,1483.0,70.0,8.5,0
B,77.5,111.1,1.76,1351.0,44.2,13.4,1
C,77.8,95.6,1.5,1536.0,51.1,1.5,0
A,60.5,123.7,2.77,1212.0,50.7,5.0,0
A,70.5,103.7,0.97,1562.0,46.5,8.6,0
B,84.8,121.6,1.86,1523.0,27.1,6.1,1
A,76.9,103.7,0.85,1517.0,49.4,4.3,0
B,81.4,102.3,0.81,1517.0,46.1,8.1,1
A,63.9,82.0,2.18,1210.0,,6.1,0
A,64.4,95.8,3.22,1447.0,35.9,6.8,0
B,78.6,137.9,4.22,1560.0,51.4,11.0,1
B,75.5,123.0,7.37,1417.0,35.8,5.2,1
A,,120.3,1.38,1539.0,42.3,11.9,0
A,,106.2,17.16,1721.0,50.8,7.4,0
A,68.9,100.7,0.29,1709.0,35.9,5.6,0
C,81.3,122.4,8.91,1576.0,65.6,5.9,1
B,70.2,114.9,1.29,1584.0,27.7,5.8,0
A,75.9,108.4,0.9,1442.0,50.3,7.6,0
A,75.2,101.3,0.88,1471.0,52.3,6.7,1
B,72.7,87.5,2.1,1394.0,49.9,8.0,0
A,,108.3,1.5,1410.0,46.4,11.9,0
,68.3,104.2,3.26,1432.0,49.7,8.6,1
B,73.6,99.6,1.21,1758.0,45.7,10.3,0
A,83.8,87.6,0.88,1387.0,51.3,7.6,0
B,73.2,122.7,1.71,1589.0,32.8,3.7,1
B,89.6,113.8,0.51,1530.0,37.6,9.5,0
B,67.4,100.4,3.15,1402.0,51.1,6.1,1
C,73.1,92.8,0.64,1518.0,46.4,11.4,0
B,71.7,117.7,2.28,1600.0,23.1,15.2,0
B,70.7,97.0,2.0,1316.0,66.7,8.7,0
C,81.7,82.8,3.17,1558.0,59.2,7.5,0
B,63.5,111.8,2.64,1614.0,39.9,7.3,0
C,67.8,102.8,1.63,1561.0,39.9,5.7,0
B,89.2,95.5,5.68,1544.0,40.2,4.6,1
B,75.2,104.2,0.75,1364.0,42.0,10.6,0
A,89.6,109.1,1.55,1769.0,47.1,12.5,0
A,66.9,97.7,0.79,1544.0,42.7,7.5,0
B,88.2,93.2,4.77,1496.0,40.9,10.4,1
A,73.6,102.6,2.35,1426.0,45.1,4.1,0
A,75.0,109.2,0.3,1596.0,35.3,10.4,0
B,84.4,118.0,3.15,1645.0,31.8,16.8,1
A,73.8,102.4,2.26,1578.0,39.4,11.0,0
A,,102.4,3.87,1531.0,57.9,5.2,0
B,79.7,79.4,0.59,1412.0,43.5,11.9,0
A,63.1,123.5,1.83,1557.0,53.7,7.0,0
A,74.5,109.4,0.75,1352.0,36.0,7.7,0
B,78.9,110.7,0.21,1452.0,40.4,4.0,0
A,78.8,117.5,3.08,1527.0,58.4,8.9,0
C,70.4,112.1,4.02,1598.0,57.5,9.8,0
A,,109.1,2.04,1353.0,,3.9,1
A,75.0,84.3,1.79,1677.0,52.2,6.7,0
,76.9,102.1,1.94,1541.0,32.0,6.7,0
B,67.0,110.8,5.35,1499.0,45.9,4.3,1
A,68.3,117.3,0.68,1489.0,45.0,7.2,0
B,58.5,103.8,0.79,1348.0,42.4,2.4,0
B,70.2,91.8,3.04,1395.0,,8.5,1
A,69.1,105.8,0.9,1416.0,45.9,5.1,0
C,85.2,107.5,1.1,1388.0,51.9,2.9,0
A,79.1,117.7,1.48,1581.0,47.1,7.4,0
C,71.5,118.5,1.16,1483.0,46.7,7.6,1
A,61.6,103.8,2.26,1688.0,52.7,13.6,0
C,81.9,132.3,1.63,1384.0,50.3,5.6,1
B,63.1,123.0,2.53,1588.0,29.7,9.0,1
B,74.3,103.6,2.64,1411.0,42.5,6.4,0
A,78.8,97.8,3.78,1551.0,42.2,10.0,0
A,76.0,101.4,1.11,1540.0,56.8,4.7,0
B,62.7,117.5,1.41,1703.0,,8.6,0
C,,102.6,4.47,1549.0,35.8,6.7,0
B,61.0,111.3,1.27,1462.0,53.3,9.9,0
C,72.7,107.7,4.45,1532.0,43.0,3.1,0
A,81.1,103.4,3.15,1595.0,40.0,5.3,1
C,75.0,118.5,2.71,1550.0,45.5,5.3,1
C,78.5,115.1,1.92,1410.0,65.8,5.4,0
,86.1,106.2,1.25,1523.0,42.2,9.5,0
B,74.5,120.2,2.1,1480.0,55.7,7.7,0
A,72.4,133.4,1.12,1866.0,50.8,8.7,1
A,71.6,104.6,2.56,1417.0,52.2,8.6,0
A,69.6,101.9,2.63,1235.0,45.3,4.7,1
A,69.9,107.2,0.54,1792.0,38.7,11.2,0
C,67.7,93.4,1.02,1460.0,33.2,10.0,0
A,77.4,114.6,2.84,1487.0,47.5,6.9,0
C,65.7,122.0,3.42,1730.0,41.6,7.4,1
B,72.7,107.5,0.35,1459.0,19.1,3.0,0
C,81.8,108.1,0.34,1773.0,66.8,2.1,0
A,78.3,93.3,2.38,1221.0,47.8,12.7,0
C,87.6,124.9,1.65,1535.0,40.9,6.9,1
B,66.1,94.2,1.72,1702.0,44.1,4.7,1
B,74.5,107.8,2.47,1444.0,41.2,8.6,0
B,64.4,109.0,0.35,1396.0,48.9,8.4,0
B,70.1,113.7,5.17,1562.0,46.8,5.7,1
C,82.5,109.9,1.95,1616.0,50.7,9.8,1
C,68.2,103.4,2.71,1578.0,31.0,10.5,0
B,72.1,114.4,1.72,1439.0,53.4,11.7,1
B,80.2,94.6,1.21,1277.0,41.8,7.6,0
B,77.7,103.5,19.78,1387.0,39.3,4.8,1
B,58.0,105.7,3.32,1388.0,33.1,14.0,0
C,68.9,102.2,0.12,1472.0,36.0,5.2,0
A,84.5,111.6,6.8,1438.0,32.5,4.7,1
C,87.7,100.1,1.38,1707.0,,3.7,0
A,77.3,113.7,1.31,1512.0,38.7,12.2,1
C,90.7,118.5,2.0,1276.0,44.4,7.2,1
B,80.3,112.8,0.98,1434.0,57.8,9.3,0
B,75.7,99.4,1.77,1544.0,34.3,3.1,0
C,70.0,109.5,0.63,1516.0,57.5,11.4,0
B,73.3,117.7,2.47,1728.0,52.5,11.0,1
A,74.0,109.4,3.93,1363.0,48.4,5.6,0
A,61.1,115.7,2.08,1339.0,50.5,16.4,0
C,72.4,127.4,0.56,1572.0,42.4,6.6,0
A,75.2,128.3,1.16,1788.0,49.2,10.4,0
A,75.9,127.0,3.96,1528.0,38.0,9.1,1
C,70.6,120.6,2.95,1466.0,39.7,5.6,1
A,91.3,94.7,0.92,1711.0,28.6,10.0,0
A,61.7,122.4,0.42,1518.0,23.7,7.6,0
A,65.6,120.5,2.39,1296.0,47.4,3.9,0
C,98.4,122.2,0.94,1510.0,56.8,5.9,1
A,70.9,129.1,6.72,1471.0,20.0,3.4,1
C,78.0,113.9,1.17,1449.0,56.6,8.0,0
B,71.2,113.6,0.47,1411.0,66.2,9.9,0
B,67.2,113.1,2.52,1549.0,49.3,9.4,0
B,69.6,110.3,1.43,1438.0,12.8,16.5,0
C,,81.4,0.44,1365.0,,6.9,0
A,61.2,102.2,2.84,1523.0,38.1,1.8,0
A,79.9,115.0,1.22,1549.0,48.9,11.0,0
A,77.9,102.8,2.93,1602.0,47.4,7.2,0
B,70.5,97.1,4.07,1598.0,52.4,8.4,0
A,75.6,103.8,1.64,1399.0,42.3,9.0,0
C,82.5,111.2,1.22,1482.0,54.5,8.7,0
B,78.0,99.3,1.09,1561.0,36.9,9.8,0
A,77.4,128.2,0.98,1494.0,51.6,12.3,1
C,79.6,103.5,1.14,1576.0,46.7,11.2,1
B,80.9,120.7,2.21,1404.0,45.0,9.7,1
B,74.4,109.5,2.13,1559.0,37.1,4.1,1
A,82.8,118.8,2.4,1578.0,58.1,5.2,1
B,81.9,102.0,1.06,1390.0,53.9,10.0,1
B,61.7,122.6,5.17,1619.0,51.1,8.5,1
C,68.6,108.0,1.27,1277.0,24.9,2.7,0
C,80.1,106.0,0.45,1350.0,55.4,8.8,0
B,75.9,119.7,1.73,1568.0,60.6,9.3,0
B,73.2,117.6,1.5,1416.0,32.2,10.5,0
A,66.2,99.0,3.53,1478.0,46.1,3.2,0
C,87.3,96.2,0.43,1645.0,41.5,4.9,0
C,71.6,134.3,0.21,1504.0,46.1,9.4,1
A,72.5,109.0,1.69,1789.0,49.1,11.1,1
B,,96.7,3.61,1353.0,39.6,4.7,1
A,56.3,115.2,0.82,1412.0,28.3,7.7,0
C,87.5,112.0,2.55,1392.0,54.1,12.2,0
B,74.2,119.8,5.28,1515.0,49.8,3.7,1
B,75.2,110.6,4.07,1459.0,56.0,11.7,1
A,70.8,105.9,0.97,1342.0,41.3,0.9,0
B,80.5,112.9,2.21,1582.0,49.2,9.4,0
A,62.4,126.9,0.29,1652.0,54.2,7.9,0
C,68.6,109.0,7.63,1428.0,28.7,7.8,1
B,86.5,106.8,1.33,1407.0,46.2,6.8,1
B,,110.3,3.29,1353.0,,13.6,1
B,58.6,112.9,19.82,1339.0,43.7,10.4,1
C,74.3,105.3,0.52,1531.0,40.2,8.4,0
A,66.0,110.5,0.66,1487.0,42.1,8.1,0
A,63.8,100.8,0.4,1303.0,40.7,3.9,0
C,,99.8,2.28,1749.0,46.2,5.5,0
C,70.7,105.4,1.08,1387.0,42.5,3.9,0
C,88.6,122.5,6.33,1319.0,30.0,6.9,1
B,68.2,122.9,3.41,1646.0,46.8,6.5,1
A,79.4,116.4,2.11,1215.0,63.3,3.8,0
C,63.8,108.1,0.51,1769.0,53.6,7.6,0
A,63.7,109.4,0.77,1468.0,38.7,5.6,0
C,,90.0,1.35,1390.0,45.1,6.3,0
A,68.2,124.2,3.52,1526.0,44.3,7.4,0
C,77.4,100.1,0.86,1627.0,32.9,8.5,0
C,75.3,98.5,0.81,1638.0,43.2,10.6,1
A,80.3,107.5,1.59,1569.0,32.5,2.3,0
C,73.6,112.1,0.82,1408.0,59.6,12.3,0
C,72.6,109.0,1.66,1313.0,63.0,13.9,0
C,75.4,88.2,2.16,1461.0,58.8,7.9,1
C,77.9,124.1,1.91,1440.0,53.6,6.8,0
C,77.8,105.1,0.42,1308.0,59.2,2.2,0
B,71.2,99.6,0.2,1631.0,40.3,9.1,0
B,88.5,109.3,2.93,1653.0,40.7,12.4,1
A,69.1,122.8,0.22,1447.0,60.8,11.6,0
A,71.2,123.8,4.04,1491.0,54.5,8.7,1
B,58.9,115.5,3.32,1414.0,65.4,6.9,0
A,70.5,109.8,3.81,1507.0,54.7,9.7,1
A,75.8,117.8,6.4,1612.0,37.7,5.4,1
C,82.1,107.2,1.21,1538.0,39.2,7.1,0
A,77.2,111.7,2.39,1536.0,51.9,8.0,1
A,85.9,98.6,1.15,1311.0,60.4,13.8,0
C,82.9,131.9,1.03,1656.0,41.8,11.4,1
B,72.0,102.5,1.79,1563.0,54.6,9.8,0
C,95.2,109.4,1.49,1427.0,54.3,12.7,1
B,86.6,105.5,3.17,1670.0,54.2,7.7,1
C,87.1,116.3,1.61,1556.0,31.0,2.7,0
A,63.5,110.4,0.78,1608.0,41.8,10.5,0
C,81.6,97.2,1.53,1503.0,42.1,7.3,0
B,64.1,97.7,0.86,1489.0,33.5,10.0,0
A,77.6,105.8,0.75,1517.0,47.0,9.3,0
B,89.9,134.2,0.99,1325.0,40.7,7.6,1
A,55.3,136.9,1.18,1292.0,26.3,10.1,0
B,76.7,114.0,0.74,1762.0,45.0,5.8,0
C,83.2,108.3,2.51,1640.0,38.6,7.1,1
B,69.5,99.8,2.42,1400.0,46.5,9.6,1
,,109.9,1.11,1387.0,28.2,3.2,1
C,68.5,89.6,0.4,1561.0,,8.5,0
C,79.1,95.3,2.74,1345.0,47.0,10.1,1
A,,109.8,0.83,1509.0,56.5,7.8,0
B,85.4,119.7,4.38,1293.0,48.3,8.0,1
C,73.3,113.9,3.18,1483.0,49.9,5.6,1
B,89.3,99.8,2.52,1521.0,50.8,3.6,0
C,67.6,110.2,3.83,1414.0,45.1,8.0,1
C,65.2,104.0,1.58,1414.0,44.4,7.9,1
B,,103.0,1.43,1616.0,46.7,6.4,0
A,63.3,111.8,5.36,1409.0,52.7,4.7,0
C,67.7,96.8,1.97,1372.0,45.2,3.3,0
A,73.4,111.0,3.95,1518.0,52.2,13.3,0
C,80.6,104.0,1.99,1540.0,47.7,6.6,1
B,82.7,106.7,1.77,1496.0,49.4,8.5,1
A,78.8,97.7,5.57,1459.0,73.3,9.0,1
A,81.1,117.9,3.04,1399.0,60.0,3.9,0
A,62.5,108.1,2.74,1775.0,59.6,6.2,0
A,77.2,121.9,0.56,1386.0,43.7,14.8,0
C,91.8,107.6,2.83,1437.0,45.3,9.6,1
C,71.1,101.0,0.22,1694.0,41.5,11.1,1
,76.1,123.6,4.79,1683.0,34.9,11.1,1
B,74.9,94.5,2.33,1474.0,35.8,8.8,0
B,80.1,110.3,3.62,1651.0,32.3,9.9,1
B,77.6,100.2,2.53,1517.0,44.8,8.1,0
B,57.0,99.0,5.34,1538.0,,7.3,1
A,70.8,121.4,0.96,1292.0,40.0,1.7,0
A,69.3,120.2,0.55,1432.0,45.4,7.8,0
B,77.0,110.6,2.58,1469.0,45.3,9.0,0
B,68.0,109.7,1.04,1432.0,19.7,10.4,0
B,68.5,95.9,3.3,1647.0,54.5,7.0,0
A,76.3,84.7,6.12,1483.0,41.9,10.9,1
C,78.3,101.9,1.26,1594.0,40.5,5.5,0
A,86.9,119.1,0.72,1320.0,40.6,4.9,0
A,69.2,118.9,0.89,1636.0,49.9,12.9,0
B,95.3,136.7,3.93,1501.0,55.5,9.5,1
A,76.5,105.5,1.54,1445.0,42.3,9.2,0
C,88.8,107.1,0.57,1851.0,,0.6,0
B,77.2,108.0,2.31,1383.0,49.4,6.2,0
C,73.0,101.5,1.4,1544.0,49.7,6.7,1
A,81.1,123.0,1.44,1465.0,59.2,8.9,0
B,74.1,109.5,2.45,1488.0,33.5,7.7,0
A,81.9,104.5,4.22,1328.0,41.1,6.4,1
B,68.8,107.8,4.66,1487.0,58.3,8.0,1
C,65.7,118.2,3.36,1537.0,56.5,9.5,1
C,83.6,93.2,2.04,1478.0,30.2,7.7,1
A,56.9,109.5,5.47,1474.0,39.6,11.2,0
C,77.5,104.7,0.81,1527.0,25.5,3.5,1
C,66.8,126.4,3.05,1556.0,39.0,0.0,1
B,78.9,113.7,2.38,1443.0,39.4,4.4,0
C,72.5,103.1,2.26,1537.0,60.3,9.4,1
A,71.2,86.4,0.46,1515.0,50.1,9.3,1
C,72.9,122.3,3.54,1501.0,48.2,10.8,1
A,70.7,95.8,5.39,1519.0,40.6,8.3,0
C,84.9,114.2,4.43,1414.0,,7.2,1
C,79.9,129.1,1.41,1460.0,38.7,11.3,0
A,68.9,99.1,3.76,1518.0,59.2,9.8,1
B,69.7,122.8,0.55,1628.0,51.1,7.9,0
B,88.9,86.7,2.3,1579.0,42.2,13.5,1
A,74.9,106.8,1.16,1373.0,33.6,12.3,0
B,82.8,109.1,9.17,1456.0,44.6,7.2,1
C,75.0,124.5,6.12,1469.0,50.4,10.4,1
A,74.9,126.1,0.87,1579.0,43.7,6.1,0
A,66.6,111.5,4.77,1378.0,51.3,11.5,1
A,84.8,106.9,1.1,1454.0,62.2,6.0,0
C,86.2,124.7,0.79,1530.0,67.8,6.8,0
C,66.3,109.6,2.51,1387.0,37.9,0.0,0
B,80.1,120.0,4.67,1600.0,51.4,7.5,1
C,87.2,136.7,0.94,1702.0,62.6,14.5,0
A,76.5,105.8,2.33,1764.0,41.6,5.0,0
A,72.0,105.9,2.24,1659.0,52.3,5.8,0
C,67.6,102.9,3.83,1693.0,41.5,6.5,1
A,84.3,103.6,0.87,1642.0,37.4,10.3,1
C,74.8,124.9,2.29,1380.0,41.8,12.3,1
A,77.9,103.0,1.31,1575.0,,4.2,0
C,67.8,111.9,2.61,1410.0,45.3,9.7,0
A,,118.2,3.0,1320.0,43.9,11.9,0
A,64.5,87.8,2.44,1395.0,33.5,7.3,0
B,69.6,137.0,6.53,1636.0,42.9,4.8,1
A,76.3,125.4,2.11,1645.0,34.1,11.8,0
B,83.2,115.3,0.73,1575.0,32.7,10.0,0
A,77.1,122.4,4.17,1469.0,44.3,13.6,1
B,73.2,111.6,1.91,1583.0,,6.8,0
B,77.6,104.7,1.92,1342.0,37.8,9.8,0
A,69.6,114.5,1.61,1281.0,55.0,4.4,0
B,75.5,99.5,1.3,1628.0,53.1,9.8,0
A,65.2,103.3,4.37,1485.0,62.9,7.3,0
A,76.8,116.8,0.13,1373.0,36.9,5.5,0
A,63.9,123.0,1.59,1658.0,20.9,9.1,0
A,69.4,100.9,1.3,1443.0,49.6,9.5,0
B,73.7,112.2,0.78,1607.0,44.2,6.4,1
C,,93.1,1.85,1382.0,47.2,10.9,0
A,75.0,121.6,2.76,1644.0,62.9,7.1,1
B,75.8,97.6,2.7,1378.0,48.4,4.3,0
B,78.5,111.3,1.21,1563.0,40.8,4.1,1
C,75.9,110.4,4.71,1258.0,,3.5,1
B,79.7,111.8,1.02,1585.0,62.1,14.9,1
B,77.3,93.9,3.25,1614.0,42.5,6.9,1
A,76.3,101.5,4.95,1388.0,30.4,11.6,1
C,60.4,110.5,1.79,1653.0,39.3,6.3,0
A,85.3,109.5,3.43,1404.0,52.2,8.9,0
A,73.7,96.1,2.04,1431.0,30.8,11.5,0
A,68.7,99.6,1.22,1495.0,49.0,2.1,0
A,83.7,100.8,0.37,1420.0,55.1,7.6,0
A,76.9,121.2,4.61,1444.0,49.5,7.9,1
A,67.9,127.5,1.67,1707.0,21.1,9.4,0
A,72.1,90.1,2.26,1433.0,43.3,6.3,0
A,78.4,101.5,2.45,1416.0,45.8,10.7,0
B,73.8,96.3,5.12,1447.0,49.2,0.0,1
A,84.2,124.9,2.25,1391.0,49.4,10.5,1
B,75.5,101.6,2.71,1630.0,36.1,15.3,1
C,56.5,132.2,2.54,1446.0,31.4,6.7,0
A,83.6,109.1,4.09,1542.0,52.4,12.9,1
A,63.7,114.8,1.25,1455.0,44.5,8.6,0
A,56.9,117.5,3.91,1481.0,45.2,9.8,0
B,67.6,117.8,1.82,1668.0,58.7,7.2,1
A,78.0,105.8,2.28,1350.0,49.1,7.7,0
A,62.1,141.2,2.51,1302.0,56.0,8.6,0
A,68.2,110.7,0.52,1320.0,60.0,6.6,0
A,81.4,103.4,1.31,1305.0,39.9,10.5,0
C,84.8,113.7,1.35,1462.0,48.4,10.6,1
B,80.2,118.4,3.22,1497.0,51.4,2.3,0
C,69.2,121.3,2.99,1454.0,43.0,9.5,1
A,74.9,89.5,0.8,1631.0,43.6,10.5,0
A,82.4,103.3,1.18,1533.0,31.5,5.0,0
A,73.2,95.0,3.58,1565.0,20.8,10.7,1
A,80.2,122.8,1.46,1461.0,52.7,11.2,0
B,75.0,122.9,0.38,1606.0,55.6,11.9,0
A,56.9,117.8,1.71,1560.0,50.4,7.4,0
B,67.7,96.5,2.17,1660.0,39.6,6.4,0
B,80.3,110.6,0.68,1412.0,45.0,4.8,0
C,70.2,102.6,0.62,1420.0,37.8,10.0,1
B,65.8,92.9,6.51,1719.0,58.3,13.7,0
A,78.8,99.5,0.93,1420.0,47.6,11.6,0
A,68.7,120.5,5.02,1723.0,47.4,8.8,0
B,83.2,112.9,2.31,1758.0,55.1,8.5,1
A,67.7,126.3,2.72,1690.0,55.3,7.4,1
C,77.9,116.3,2.23,1244.0,56.1,7.8,0
B,69.2,126.9,0.19,1370.0,52.9,7.4,0
A,81.6,121.1,3.0,1372.0,38.0,9.6,1
A,68.6,109.7,2.66,1553.0,44.2,5.3,1
A,74.3,120.8,6.58,1413.0,48.2,12.9,0
B,69.8,113.4,1.64,1467.0,58.6,8.2,0
C,77.2,104.8,0.32,1533.0,55.1,9.8,0
A,73.6,118.5,4.13,1704.0,60.1,6.7,1
B,78.7,123.3,3.88,1573.0,49.5,11.6,1
A,73.3,91.6,1.26,1516.0,42.3,6.9,0
C,71.0,126.5,0.49,1567.0,40.1,7.8,1
B,83.2,116.4,0.48,1372.0,39.3,12.6,1
A,77.9,148.4,0.23,1401.0,63.4,2.7,1
A,84.6,102.8,4.0,1688.0,43.2,11.7,1
A,67.2,118.6,1.21,1492.0,58.6,1.2,0
B,86.3,110.9,5.26,1441.0,33.5,10.0,0
C,74.6,88.5,0.62,1658.0,54.5,6.6,0
B,72.4,114.9,1.95,1438.0,56.3,6.7,0
B,,124.1,1.15,1714.0,52.0,14.9,0
A,64.2,102.2,2.89,1583.0,18.4,8.1,0
C,76.0,101.3,1.16,1258.0,38.3,7.7,0
B,80.1,99.6,0.09,1635.0,,2.6,0
C,,105.9,1.12,1486.0,28.8,9.2,0
C,79.6,102.3,1.2,1412.0,38.2,8.2,0
A,65.8,104.3,2.91,1465.0,35.5,6.2,1
A,75.4,122.5,5.3,1451.0,45.9,6.6,1
B,,149.0,0.53,1519.0,47.2,4.9,0
B,84.6,100.8,4.5,1332.0,48.0,12.7,1
C,64.7,122.3,2.41,1325.0,61.9,7.5,1
,64.5,114.8,1.39,1416.0,42.8,6.8,0
A,74.4,122.3,0.78,1442.0,,11.2,1
C,74.7,118.2,2.91,1444.0,,9.1,1
A,71.7,134.1,1.04,1604.0,45.9,5.8,0
A,75.4,121.2,0.53,1738.0,,7.9,0
A,77.9,134.2,1.46,1873.0,49.7,11.3,0
A,70.1,108.5,1.95,1550.0,45.6,6.1,0
C,87.6,87.4,0.72,1496.0,49.1,5.4,0
B,64.5,109.9,1.56,1671.0,47.6,9.2,0
A,80.2,100.1,4.21,1567.0,,8.8,0
A,53.5,114.5,1.33,1207.0,54.6,5.1,0
B,81.5,100.4,2.27,1671.0,55.0,5.7,0
A,66.4,99.5,1.88,1711.0,33.7,12.2,1
B,75.6,100.9,0.28,1362.0,44.1,5.7,1
A,74.2,106.2,2.18,1487.0,32.4,6.4,0
A,67.4,102.2,0.86,1537.0,39.6,7.0,0
B,71.8,121.8,1.48,1429.0,54.1,4.4,1
C,69.6,87.8,1.87,1569.0,47.7,12.8,0
C,70.6,135.0,2.96,1583.0,55.4,9.9,1
C,80.0,110.7,0.43,1458.0,37.3,2.1,0
C,60.9,124.7,3.4,1445.0,60.6,10.3,1
A,78.6,111.9,3.69,1372.0,30.7,6.7,1
B,67.9,72.8,1.65,1535.0,42.2,9.4,0
A,79.6,109.4,0.48,1424.0,42.5,16.0,0
C,76.2,129.6,1.09,1484.0,40.8,12.4,0
B,78.8,95.7,1.68,1340.0,51.5,0.7,1
A,73.2,104.3,1.87,1435.0,37.6,8.8,0
A,76.6,122.6,2.29,1504.0,31.6,8.7,1
B,72.0,102.8,4.4,1481.0,44.6,8.8,0
B,74.2,101.6,3.12,1396.0,46.5,10.0,1
A,78.0,95.5,1.72,1377.0,65.4,13.8,0
B,83.2,113.2,2.73,1483.0,42.1,4.9,1
A,78.2,113.3,3.02,1456.0,42.7,11.6,1
A,71.1,126.3,1.4,1520.0,51.4,4.7,1
B,,118.2,1.5,1459.0,52.4,8.2,0
C,71.4,136.0,3.09,1683.0,47.8,3.0,1
B,74.7,110.3,2.03,1463.0,41.5,9.4,0
B,72.1,98.5,1.4,1357.0,32.3,7.3,0
A,82.8,99.8,5.1,1311.0,40.4,11.9,1
A,83.4,99.2,5.14,1697.0,48.0,9.5,1
B,76.3,103.8,1.99,1549.0,48.8,10.7,0
A,65.5,96.1,1.29,1649.0,43.8,9.1,0
C,76.0,121.8,2.1,1377.0,29.7,10.7,1
B,70.7,128.6,2.47,1703.0,51.1,4.4,0
A,60.5,124.4,1.56,1532.0,38.2,9.4,0
A,71.9,140.5,0.51,1390.0,31.3,11.6,0
A,69.7,123.2,0.62,1411.0,61.5,5.7,0
C,77.6,108.2,1.31,1452.0,40.9,7.0,0
A,59.1,117.0,1.08,1471.0,34.8,9.3,0
C,60.5,102.3,4.75,1495.0,64.5,10.4,0
A,75.2,122.7,0.71,1631.0,55.2,8.2,0
C,85.5,95.9,4.31,1700.0,39.2,5.6,1
A,75.1,131.3,1.36,1465.0,45.1,9.4,1
B,74.9,134.3,0.52,1705.0,50.3,7.8,0
C,75.7,90.2,1.49,1438.0,65.7,13.8,1
A,70.0,110.6,2.17,1579.0,43.8,7.8,0
A,59.7,105.8,0.74,1539.0,49.3,3.2,0
C,72.7,121.3,1.51,1412.0,66.8,11.1,0
A,70.8,105.9,1.26,1622.0,47.6,9.2,0
A,64.4,107.4,0.75,1724.0,50.3,9.1,0
B,89.1,101.7,0.95,1349.0,37.3,10.1,0
B,65.7,112.8,3.47,1439.0,59.2,8.4,1
A,79.5,87.8,2.53,1521.0,45.0,8.8,0
,91.9,104.3,2.53,1671.0,20.8,6.6,1
A,73.6,119.4,2.0,1855.0,47.0,7.9,1
C,,134.0,1.83,1639.0,44.4,12.8,1
B,69.7,91.0,0.63,1312.0,42.5,9.6,0
C,79.7,100.8,0.7,1421.0,40.1,7.4,0
B,75.9,108.8,3.8,1538.0,44.1,8.7,1
A,75.3,120.7,3.87,1375.0,40.1,10.5,0
C,55.8,114.7,1.9,1508.0,49.2,11.6,0
A,76.3,120.2,3.36,1355.0,58.8,12.8,0
B,72.0,103.7,0.57,1406.0,33.2,8.6,0
C,78.5,118.8,0.37,1248.0,45.4,10.0,0
B,64.6,106.7,0.69,1327.0,73.9,6.4,0
A,73.4,121.6,1.4,1581.0,43.9,6.9,1
B,75.3,121.9,1.31,1517.0,66.7,2.6,0
A,76.9,105.3,1.2,1418.0,40.4,11.7,0
C,78.8,112.9,2.6,1498.0,55.7,8.0,1
A,65.4,120.1,5.9,1553.0,54.0,8.9,0
C,80.9,109.8,2.11,1500.0,55.5,9.1,1
B,79.1,108.5,1.61,1634.0,58.9,6.9,0
A,64.5,112.1,0.25,1451.0,42.4,9.4,1
B,74.3,118.6,1.07,1542.0,49.3,6.3,0
C,75.3,120.8,1.86,1398.0,53.0,12.6,0
B,73.6,97.3,2.34,1731.0,47.1,8.9,1
B,59.1,117.0,1.91,1384.0,40.8,8.5,0
C,75.8,115.1,1.68,1650.0,31.7,5.5,1
C,82.5,105.3,1.98,1573.0,39.3,6.8,0
C,61.5,96.6,0.69,1446.0,42.6,6.3,0
A,77.3,121.2,1.89,1397.0,34.7,10.2,0
A,89.2,107.8,2.13,1486.0,31.5,9.3,1
A,71.0,122.5,0.94,1570.0,39.2,8.0,0
A,85.9,121.2,2.92,1783.0,40.0,15.6,1
A,92.8,105.2,0.7,1369.0,26.2,13.3,0
C,75.3,101.8,1.52,1752.0,47.7,6.4,1
B,82.9,126.3,2.01,1437.0,43.1,3.0,1
A,85.1,100.4,1.64,1426.0,44.9,8.5,0
A,70.4,113.7,0.96,1586.0,48.9,5.3,0
B,77.1,110.8,3.32,1597.0,49.1,9.0,1
A,82.5,114.6,6.36,1396.0,42.2,9.4,1
A,81.3,122.0,4.82,1554.0,25.8,5.0,1
C,,122.5,4.87,1292.0,52.7,6.9,1
A,71.2,109.5,2.9,1598.0,50.0,12.5,1
A,85.8,126.3,1.66,1413.0,36.0,9.6,0
C,92.3,96.3,2.79,1592.0,41.4,10.6,1
A,80.6,119.8,0.2,1517.0,33.4,6.7,0
A,80.4,95.5,1.67,1658.0,64.5,4.0,0
A,67.1,95.9,2.92,1488.0,66.7,8.8,0
C,67.3,110.4,0.35,1450.0,61.3,9.2,1
C,70.3,112.0,2.2,1604.0,46.2,13.8,0
A,79.5,88.7,2.9,1335.0,40.8,9.6,0
C,81.5,118.3,0.55,1457.0,,7.0,0
A,76.5,132.4,2.98,1549.0,48.7,4.0,1
C,71.4,126.1,1.8,1567.0,31.2,8.6,0
C,74.6,98.9,1.73,1479.0,44.5,11.4,1
B,78.4,96.6,0.22,1344.0,49.6,0.7,0
A,72.3,89.2,0.4,1463.0,38.5,6.0,0
B,69.2,103.3,0.25,1563.0,42.8,15.5,1
A,90.1,94.0,0.45,1475.0,50.0,10.3,1
C,66.3,130.6,2.29,1373.0,47.4,2.8,1
B,73.8,94.4,3.89,1630.0,42.0,4.2,0
C,87.1,124.4,0.87,1486.0,46.6,9.6,1
B,74.9,115.7,1.64,1527.0,33.5,9.1,1
C,85.0,121.8,1.89,1584.0,35.4,14.4,1
C,79.9,109.3,1.27,1574.0,44.4,7.9,1
A,69.3,107.3,4.23,1534.0,43.1,2.2,1
A,72.8,99.7,1.44,1480.0,57.2,10.3,1
C,66.9,79.6,0.94,1289.0,53.2,7.0,0
B,,102.1,1.09,1478.0,46.5,7.8,0
C,79.9,102.9,1.48,1320.0,64.5,3.6,1
C,69.0,105.6,1.03,1604.0,63.9,7.8,0
B,,106.2,2.23,1326.0,36.2,8.3,1
A,70.8,99.3,2.44,1310.0,24.9,7.8,0
A,52.0,114.8,0.52,1596.0,48.1,11.5,0
A,57.8,100.1,2.76,1446.0,45.6,9.0,0
B,79.2,113.8,1.67,1453.0,34.2,10.0,1
C,85.4,103.9,1.81,1631.0,53.9,6.1,0
B,89.4,99.4,2.85,1581.0,59.1,10.0,1
A,65.3,115.3,3.05,1442.0,25.7,6.0,1
C,80.3,107.7,2.49,1485.0,46.5,8.2,1
A,73.8,104.5,0.53,1497.0,41.2,10.9,0
A,73.8,107.3,1.45,1350.0,45.7,4.4,0
B,60.1,115.9,1.98,1611.0,24.8,9.4,0
A,81.0,117.9,1.46,1523.0,53.6,2.2,1
C,74.1,106.0,0.79,1464.0,50.7,6.7,0
A,74.5,94.1,0.25,1268.0,39.5,6.8,0
B,81.4,114.5,4.1,1349.0,21.9,5.0,0
B,76.7,107.6,2.27,1517.0,49.5,8.6,0
C,64.7,98.4,1.09,1619.0,36.2,9.9,0
B,87.3,105.9,1.94,1674.0,31.6,3.2,1
C,60.2,115.1,1.62,1756.0,44.5,8.7,0
A,74.1,111.5,0.48,1708.0,62.8,6.2,0
B,71.1,132.5,0.87,1600.0,19.5,11.9,1
B,86.9,117.8,0.44,1721.0,33.8,7.6,0
B,68.1,96.5,3.07,1459.0,36.3,10.2,0
C,61.8,79.2,1.31,1480.0,29.0,7.0,0
A,77.6,120.4,1.08,1687.0,45.2,3.8,1
C,64.6,133.4,1.66,1557.0,44.7,8.3,1
B,55.0,97.2,3.05,1702.0,44.4,9.3,0
C,65.3,104.4,1.67,1589.0,35.4,8.2,0
C,73.6,98.3,3.13,1631.0,51.7,7.8,1
B,66.5,116.7,2.43,1560.0,43.6,9.1,0
C,88.0,84.1,4.44,1445.0,41.7,7.1,1
A,65.8,110.7,1.67,1459.0,35.3,9.3,0
C,67.9,98.6,5.53,1524.0,27.2,10.1,1
A,69.4,100.8,3.1,1465.0,56.0,7.3,1
C,76.8,106.9,0.58,1346.0,39.0,5.9,1
A,80.4,97.6,2.48,1231.0,50.3,5.8,1
C,70.7,112.0,1.57,1452.0,39.5,5.8,0
C,,118.5,0.85,1249.0,33.3,7.8,0
B,60.3,107.7,1.5,1523.0,34.6,9.3,0
B,81.4,92.2,0.18,1555.0,54.1,8.4,0
B,76.7,122.4,1.22,1587.0,28.9,13.6,0
A,75.7,101.3,1.58,1429.0,44.4,4.3,0
A,81.0,126.1,0.88,1566.0,49.1,7.0,0
A,76.9,95.7,1.64,1417.0,56.9,9.6,0
A,68.0,123.1,2.01,1587.0,61.8,6.0,0
B,70.0,113.1,2.7,1549.0,35.8,4.3,0
A,77.9,83.2,2.08,1504.0,41.7,9.4,0
C,83.0,95.7,1.3,1675.0,33.3,1.9,0
A,64.5,129.1,4.16,1465.0,30.1,9.0,0
B,75.2,141.7,0.53,1582.0,44.1,9.0,0
A,64.4,114.1,2.26,1595.0,57.4,7.4,1
A,85.8,104.8,2.9,1596.0,47.5,7.9,0
A,82.4,89.8,2.48,1514.0,,7.3,1
B,65.6,94.7,1.73,1591.0,52.8,9.4,0
A,85.4,102.0,2.17,1495.0,47.8,8.2,1
C,66.1,102.7,1.8,1537.0,55.5,8.2,1
A,71.2,94.7,2.12,1614.0,49.3,7.8,0
B,79.2,108.8,0.54,1362.0,50.8,10.0,0
A,,111.7,0.43,1586.0,47.7,7.0,1
B,65.3,85.5,4.68,1360.0,40.8,5.4,0
B,83.9,106.5,1.91,1392.0,51.3,6.1,0
A,74.9,100.0,5.23,1618.0,50.1,8.9,0
A,71.1,100.9,1.96,1328.0,46.8,6.9,0
B,71.4,100.9,1.6,1392.0,40.3,11.3,0
C,74.3,113.9,2.58,1431.0,49.8,4.7,0
A,72.2,108.6,1.35,1427.0,47.6,12.1,0
A,71.3,115.8,3.04,1408.0,43.4,1.8,0
A,75.6,122.4,3.53,1436.0,41.3,7.4,1
A,70.7,94.6,2.04,1614.0,34.1,9.2,0
B,85.7,109.8,1.12,1442.0,50.1,10.7,0
C,86.8,95.4,1.01,1521.0,56.5,12.5,0
A,79.2,92.0,2.64,1382.0,17.4,9.2,1
A,76.3,101.3,1.03,1301.0,44.3,9.7,0
A,84.1,100.6,1.5,1646.0,52.3,5.4,0
A,68.6,92.7,2.86,1543.0,34.8,6.1,1
C,78.5,109.2,3.89,1489.0,35.3,4.5,0
C,77.6,115.6,7.01,1549.0,55.1,10.7,1
C,87.6,105.4,2.53,1385.0,55.6,2.3,0
B,64.0,110.7,2.76,1341.0,58.3,10.6,1
,78.2,111.3,1.94,1499.0,49.2,12.2,1
B,84.3,116.7,1.58,1709.0,52.6,12.9,0
B,74.2,109.7,3.0,1347.0,21.7,3.9,0
B,77.8,91.8,2.28,1520.0,57.9,4.9,0
A,74.9,105.7,0.93,1609.0,40.9,12.2,0
A,62.6,122.9,7.01,1666.0,34.6,6.4,1
C,66.6,112.6,1.56,1313.0,34.5,5.7,0
A,76.8,100.9,0.69,1582.0,,8.8,1
B,87.8,131.7,0.64,1770.0,36.9,10.9,1
C,61.4,119.1,4.02,1448.0,54.4,7.4,1
B,71.7,114.9,2.12,1445.0,31.4,6.1,1
C,85.5,122.3,4.45,1504.0,56.6,10.7,1
C,75.9,111.5,4.98,1573.0,44.7,12.9,1
A,75.9,123.1,1.41,1584.0,39.7,7.7,1
A,75.0,109.3,1.64,1507.0,55.6,9.3,0
B,68.3,128.0,0.8,1587.0,62.5,5.8,1
A,60.5,111.3,7.24,1541.0,41.0,10.4,1
A,79.4,90.9,1.4,1412.0,45.6,9.7,0
A,83.0,100.6,1.78,1352.0,46.0,9.2,0
B,91.5,119.3,0.59,1421.0,23.0,6.2,1
A,83.3,116.1,3.56,1620.0,40.3,7.0,1
C,53.2,125.8,0.8,1608.0,65.9,12.9,1
B,75.8,77.9,0.21,1530.0,28.1,5.5,0
A,68.5,116.8,2.27,1396.0,41.9,7.0,0
B,77.0,98.7,0.68,1429.0,47.6,5.5,1
,80.5,101.4,2.0,1502.0,30.5,15.7,0
C,64.6,105.8,1.75,1547.0,58.0,9.6,1
A,80.6,110.0,1.99,1499.0,39.3,6.1,0
C,76.4,95.7,2.45,1463.0,34.3,4.9,1
A,81.9,106.9,1.57,1624.0,37.3,11.8,0
C,79.4,107.1,2.67,1457.0,46.7,9.8,1
A,80.1,118.8,0.77,1433.0,46.8,6.2,0
C,65.8,102.1,1.5,1491.0,31.5,7.0,1
C,74.5,116.6,0.56,1474.0,32.7,9.5,1
A,81.5,100.0,1.88,1595.0,34.8,9.5,1
A,72.2,97.8,2.08,1685.0,56.4,11.6,0
C,84.9,104.9,13.06,1611.0,42.4,0.8,0
C,64.7,81.2,1.49,1486.0,18.3,8.6,0
B,74.9,116.1,1.7,1407.0,32.8,10.0,0
A,80.2,105.5,6.49,1598.0,31.4,6.7,1
A,85.6,106.2,4.02,1433.0,31.9,3.6,0
B,72.3,85.3,0.82,1502.0,52.0,9.3,0
B,99.5,98.7,5.43,1464.0,39.7,9.9,1
B,78.6,130.5,1.18,1332.0,44.3,7.4,0
A,68.1,118.2,2.58,1446.0,29.1,10.1,0
B,63.6,101.6,3.47,1354.0,47.6,8.9,0
A,66.9,111.6,1.73,1497.0,49.4,5.8,0
A,71.8,100.2,0.58,1420.0,54.7,6.1,0
B,76.9,102.2,2.73,1295.0,32.0,9.6,1
A,72.3,101.4,1.5,1466.0,31.4,13.3,1
A,90.0,116.5,1.12,1380.0,44.8,9.2,0
A,87.7,118.9,0.93,1507.0,57.6,6.8,1
B,83.9,118.2,0.47,1416.0,43.7,10.6,0
B,91.4,122.9,1.13,1620.0,34.4,8.3,0
C,71.0,108.2,0.51,1453.0,74.9,7.9,0
C,71.4,116.1,2.36,1560.0,29.2,9.5,1
A,76.9,95.0,3.56,1533.0,37.9,7.7,1
A,75.9,101.8,0.56,1628.0,47.4,6.5,0
C,76.9,118.3,0.34,1437.0,48.6,7.6,0
B,90.5,84.0,0.83,1397.0,26.8,5.1,0
C,88.6,128.4,1.64,1230.0,31.1,8.8,1
B,77.0,112.5,1.09,1406.0,35.4,6.9,1
B,68.5,122.9,5.23,1427.0,44.5,12.5,1
B,62.7,110.9,1.34,1589.0,48.5,8.3,0
A,,111.5,1.4,1613.0,54.1,6.7,0
B,94.8,110.7,7.26,1261.0,50.8,3.1,1
C,80.6,111.3,3.5,1530.0,43.1,12.9,1
C,73.1,113.0,3.13,1650.0,32.1,4.2,1
B,71.5,104.5,0.3,1241.0,31.8,11.8,0
A,69.3,108.4,3.02,1544.0,45.0,11.7,1
C,80.0,121.5,3.08,1592.0,33.8,6.3,1
B,73.2,114.2,0.6,1333.0,47.2,6.7,0
,85.9,115.4,2.3,1422.0,58.3,5.1,0
A,57.6,127.1,3.81,1443.0,45.4,13.2,1
A,72.1,118.6,1.38,1290.0,26.1,7.1,0
A,80.2,127.8,3.93,1489.0,59.3,11.2,1
B,72.1,97.6,5.85,1458.0,39.6,13.2,1
C,72.2,85.0,3.34,1491.0,27.9,4.4,0
B,77.0,98.6,4.34,1215.0,49.5,5.0,0
,75.8,92.8,1.53,1618.0,32.5,9.4,0
B,64.8,103.6,2.45,1303.0,56.9,6.4,0
C,74.9,117.9,5.41,1545.0,47.7,6.7,0
C,70.2,117.8,1.07,1564.0,34.8,8.0,1
A,77.6,100.8,2.51,1723.0,,16.8,1
C,62.9,112.4,0.81,1405.0,49.0,12.6,1
C,74.7,112.7,1.94,1468.0,43.6,11.1,0
A,62.9,107.3,3.68,1350.0,50.5,10.6,0
A,63.0,93.8,1.6,1383.0,44.7,5.4,1
A,73.1,118.0,1.78,1557.0,47.4,3.8,1
A,72.6,109.2,1.05,1442.0,49.6,8.5,0
,89.7,124.8,1.28,1563.0,39.3,7.1,1
B,75.5,102.2,3.02,1458.0,51.0,9.4,0
C,,105.0,15.3,1394.0,39.0,7.6,1
A,89.8,111.5,1.52,1479.0,60.2,5.8,1
A,66.7,114.7,5.18,1654.0,37.6,9.3,1
A,80.6,132.3,2.43,1521.0,48.4,9.4,1
B,76.2,106.8,4.62,1372.0,70.3,12.5,1
C,64.4,127.8,2.77,1734.0,55.9,9.1,0
B,75.3,116.6,1.36,1543.0,38.3,9.1,1
A,70.1,105.9,1.15,1376.0,43.3,8.2,0
A,60.7,94.3,1.96,1342.0,51.1,13.7,0
A,78.9,120.6,4.82,1429.0,53.2,5.9,1
A,77.8,113.7,0.41,1620.0,64.6,5.4,0
A,75.1,114.9,2.33,1314.0,45.4,12.3,0
B,73.3,108.9,0.95,1350.0,46.0,8.3,0
C,75.6,113.2,0.62,1495.0,54.3,9.5,0
B,78.6,104.0,4.23,1536.0,56.6,8.8,1
A,59.0,108.5,1.24,1418.0,41.2,4.7,0
A,81.7,105.0,2.52,1438.0,35.4,8.0,1
A,66.7,119.7,2.54,1352.0,51.0,8.4,0
A,84.0,91.0,4.16,1652.0,59.6,9.2,1
A,73.8,115.6,2.46,1359.0,45.6,7.0,0
B,73.2,108.7,1.88,1546.0,42.7,15.2,1
C,73.9,118.9,1.08,1448.0,56.8,9.8,1
B,89.3,98.8,2.72,1759.0,50.8,7.7,0
A,86.3,102.8,1.82,1516.0,52.2,9.2,0
A,72.7,125.2,2.82,1726.0,51.8,10.3,1
C,74.4,96.1,0.59,1378.0,44.6,9.5,1
B,79.2,129.9,2.37,1540.0,58.3,7.1,0
B,73.8,141.2,0.92,1365.0,45.0,3.3,1
B,75.2,114.8,1.48,1731.0,36.8,9.3,0
B,70.4,100.4,4.23,1495.0,41.2,11.0,1
C,88.3,109.8,1.61,1489.0,49.0,8.3,1
A,64.6,113.6,1.21,1578.0,44.9,6.2,0
C,62.5,91.6,2.11,1226.0,47.1,11.1,0
A,65.7,114.6,1.75,1381.0,24.7,11.8,0
A,70.2,114.4,0.76,1309.0,34.1,8.6,1
A,73.7,105.5,1.31,1636.0,47.5,11.7,0
C,70.8,114.3,3.41,1353.0,63.6,9.1,1
A,85.7,107.1,1.52,1467.0,31.1,5.5,1
C,63.8,115.6,0.68,1343.0,31.1,10.8,0
C,68.6,110.8,0.39,1229.0,47.9,10.7,0
A,84.4,100.7,1.65,1655.0,36.9,10.4,0
B,72.8,87.0,1.85,1456.0,33.2,5.8,0
B,77.0,103.9,2.17,1455.0,43.9,8.8,0
C,85.3,113.5,0.74,1406.0,37.6,9.1,1
C,70.5,96.2,5.27,1710.0,50.3,13.3,1
,77.7,102.5,2.09,1355.0,51.5,5.8,0
B,70.1,107.1,2.33,1656.0,53.9,5.4,1
B,63.2,116.4,2.59,1588.0,24.2,8.6,0
B,69.6,96.4,2.14,1389.0,50.3,7.9,0
C,74.2,117.4,2.48,1630.0,50.0,12.9,1
C,84.0,112.6,6.44,1487.0,44.8,6.7,1
B,81.5,104.9,1.68,1630.0,57.2,8.6,1
A,80.6,112.9,4.79,1505.0,52.6,5.3,1
A,80.0,96.5,3.25,1343.0,50.3,7.5,1
C,73.4,111.9,1.99,1513.0,38.7,4.6,0
B,75.4,100.8,1.84,1500.0,34.7,2.6,0
A,73.1,110.9,0.32,1498.0,43.5,6.3,0
C,76.7,102.4,0.44,1557.0,28.7,7.5,0
B,91.2,108.5,3.5,1472.0,56.8,7.0,1
B,77.2,117.3,3.18,1511.0,,6.2,0
C,75.9,126.6,0.63,1631.0,35.6,4.3,1
A,81.8,91.7,2.6,1540.0,36.5,8.7,1
A,,118.0,0.75,1610.0,38.0,5.9,0
A,66.8,123.8,4.89,1371.0,51.4,6.4,0
A,,101.4,2.79,1494.0,51.7,8.1,1
B,83.2,114.8,0.39,1537.0,47.9,6.6,0
A,78.4,104.9,1.37,1512.0,69.5,12.5,0
C,74.6,129.5,1.48,1692.0,47.8,10.5,1
C,70.1,113.3,1.3,1460.0,8.6,3.3,0
C,69.6,137.1,1.81,1592.0,45.9,11.9,1
A,72.7,111.2,0.3,1552.0,48.2,6.3,0
A,75.8,88.1,3.87,1514.0,47.7,4.5,0
C,68.0,110.4,2.99,1570.0,45.3,9.2,1
C,78.1,93.5,1.06,1467.0,31.1,9.6,1
A,82.5,90.0,1.14,1362.0,51.9,6.8,1
A,47.0,126.9,2.78,1289.0,49.7,7.1,1
C,85.0,103.8,1.23,1366.0,38.0,5.2,0
B,78.7,99.4,1.06,1542.0,47.3,8.7,1
A,76.9,120.3,2.15,1675.0,59.3,10.1,0
C,81.0,115.2,1.69,1597.0,27.3,2.8,0
A,66.0,127.1,2.52,1545.0,36.8,3.0,1
B,80.0,108.3,0.84,1554.0,54.4,6.7,0
B,65.4,115.2,1.05,1545.0,51.8,5.8,0
C,74.2,114.0,1.47,1487.0,51.3,11.6,1
A,70.4,96.8,0.7,1442.0,46.9,12.7,0
C,80.6,95.2,1.99,1497.0,60.0,8.8,1
C,78.3,114.8,5.04,1654.0,72.6,6.4,1
A,77.1,87.3,3.15,1635.0,41.5,3.8,0
B,79.2,101.4,1.91,1486.0,29.5,3.1,1
B,85.6,106.8,3.28,1549.0,35.2,13.4,1
B,79.2,122.1,2.92,1422.0,59.3,1.1,1
B,75.5,95.4,1.61,1632.0,49.9,12.5,0
A,84.3,102.6,1.67,1473.0,56.3,11.4,1
A,74.6,135.9,4.54,1539.0,41.6,4.3,1
C,71.8,102.3,2.01,1480.0,60.1,11.0,0
A,82.0,90.1,1.38,1443.0,46.6,7.7,1
C,80.2,107.8,1.65,1553.0,50.8,11.4,0
C,85.3,110.7,3.21,1405.0,54.5,5.5,0
C,68.4,114.0,4.55,1487.0,71.1,11.6,1
A,69.8,103.7,3.17,1766.0,59.1,1.4,0
C,72.6,126.2,1.51,1381.0,53.5,11.5,1
C,83.2,118.2,0.65,1547.0,35.4,11.6,1
C,86.7,109.2,1.46,1721.0,56.6,12.0,1
C,82.2,96.8,1.53,1502.0,39.6,9.8,0
B,74.6,107.4,2.71,1499.0,63.1,8.6,0
B,70.6,95.0,1.25,1397.0,42.8,8.3,1
C,69.4,114.2,1.15,1461.0,49.5,9.6,0
A,52.0,124.7,2.23,1556.0,34.8,6.7,0
B,77.6,117.7,0.98,1511.0,56.5,9.6,0
B,60.7,105.2,1.46,1530.0,48.0,4.3,0
C,65.6,106.6,5.47,1492.0,36.0,12.1,1
,70.8,96.2,1.85,1520.0,48.1,12.7,0
B,84.0,102.9,3.92,1609.0,50.6,7.8,1
A,72.7,121.2,0.17,1501.0,29.3,7.0,0
B,78.6,117.2,5.32,1550.0,59.3,7.3,1
C,89.1,104.6,4.57,1695.0,41.6,8.6,1
B,75.4,98.1,5.41,1269.0,47.3,6.6,0
C,68.3,98.8,1.57,1410.0,35.8,10.2,0
A,83.4,135.8,4.1,1492.0,45.2,6.3,1
B,81.6,130.1,2.79,1682.0,51.2,5.2,1
A,71.1,109.2,1.71,1851.0,37.8,11.0,0
A,91.4,110.6,1.43,1571.0,40.7,3.0,1
A,72.1,82.8,3.03,1528.0,53.1,5.1,0
C,77.3,126.2,1.81,1248.0,44.4,10.8,0
C,77.9,100.3,2.36,1523.0,50.5,8.5,1
B,66.5,120.4,2.08,1629.0,35.5,8.9,0
C,69.5,115.1,2.01,1480.0,43.2,8.6,0
C,74.4,116.0,0.98,1516.0,42.8,11.4,1
A,82.1,111.5,0.6,1576.0,43.3,5.6,0
B,81.3,103.9,6.26,1388.0,37.2,4.7,0
C,78.3,111.1,3.38,1358.0,28.2,9.3,1
A,61.3,127.8,1.58,1510.0,58.3,9.9,0
,76.3,98.5,0.86,1387.0,52.7,7.8,0
A,75.6,114.7,3.36,1564.0,33.6,6.4,0
B,85.5,100.8,2.97,1377.0,52.0,8.8,1
C,75.9,93.4,0.43,1621.0,59.0,8.2,0
C,89.3,117.0,1.28,1328.0,49.5,7.6,0
C,82.4,114.1,0.72,1501.0,29.1,9.0,1
B,77.7,114.2,6.19,1665.0,18.2,10.9,0
B,71.5,131.7,2.39,1154.0,49.6,8.2,0
B,77.4,103.7,1.23,1484.0,67.9,10.0,1
A,70.2,109.3,4.26,1807.0,52.5,13.6,1
B,81.0,115.4,2.84,1594.0,23.4,4.2,1
C,61.7,116.3,1.87,1378.0,50.8,8.6,0
B,71.8,119.7,0.73,1568.0,51.2,11.0,0
C,74.1,131.1,0.55,1470.0,38.8,10.9,0
B,60.2,92.5,0.33,1390.0,52.3,5.4,0
B,76.8,122.5,3.44,1493.0,48.6,0.3,0
A,80.6,129.9,1.25,1569.0,55.0,8.7,0
A,79.2,137.2,4.43,1488.0,39.9,4.6,1
A,75.9,109.3,0.77,1426.0,49.8,11.6,1
A,69.3,83.3,3.66,1584.0,,12.4,0
A,68.8,89.4,1.71,1482.0,41.4,10.6,0
C,75.6,116.9,4.64,1481.0,44.6,6.9,1
B,81.7,96.2,1.63,1561.0,42.5,14.5,0
B,75.8,87.8,4.65,1387.0,44.7,12.0,1
A,61.6,105.5,2.11,1691.0,58.0,11.5,1
B,72.0,116.8,4.35,1484.0,33.0,1.9,1
A,72.4,115.9,1.7,1449.0,28.8,1.6,0
B,77.4,118.8,3.85,1660.0,51.5,9.1,1
B,68.8,97.5,1.14,1788.0,50.8,7.7,1
C,74.8,105.1,1.73,1768.0,54.2,8.5,0
B,,118.9,2.11,1550.0,48.2,10.3,1
B,72.9,102.6,3.64,1433.0,54.1,10.0,1
A,85.7,118.4,1.22,1527.0,24.0,7.1,0
B,78.3,102.5,1.03,1564.0,51.9,4.7,0
A,81.2,102.8,2.72,1774.0,44.1,9.3,1
A,70.6,115.5,1.31,1245.0,42.7,7.6,0
C,77.5,109.2,1.86,1490.0,31.5,7.8,0
A,,86.1,1.61,1450.0,42.3,10.8,0
A,88.3,129.4,2.9,1329.0,,9.7,0
B,72.7,126.4,5.63,1558.0,28.2,10.3,1
A,81.0,112.3,1.9,1362.0,53.9,8.6,0
C,65.6,111.2,0.63,1551.0,24.7,10.0,0
B,88.7,116.7,1.84,1491.0,54.4,10.5,0
A,65.4,116.7,3.13,1263.0,54.0,8.8,1
A,69.2,123.4,19.96,1525.0,37.3,10.8,0
A,73.3,106.5,0.95,1521.0,41.4,9.2,0
B,73.3,119.3,1.39,1452.0,37.8,3.4,0
A,67.1,121.5,0.94,1441.0,29.6,3.5,0
A,72.8,104.6,3.99,1409.0,49.2,13.9,1
A,,100.1,1.72,1571.0,44.7,9.9,1
B,77.2,138.4,4.86,1558.0,45.3,11.7,1
B,85.4,97.0,2.74,1202.0,34.1,8.8,1
B,84.6,132.4,4.54,1287.0,47.7,9.8,1
B,75.9,123.0,2.47,1599.0,46.8,9.4,1
A,78.5,128.2,3.14,1497.0,50.6,8.8,1
B,77.3,112.7,2.41,1500.0,38.9,11.6,0
A,68.7,110.5,2.3,1565.0,53.0,6.8,0
B,76.6,120.2,1.83,1250.0,45.7,12.1,0
,80.3,100.6,4.78,1265.0,50.7,7.1,1
A,72.7,105.8,4.13,1581.0,62.6,8.6,0
C,77.0,120.2,1.41,1537.0,50.8,5.4,0
B,66.1,137.5,1.87,1578.0,34.4,6.8,1
B,84.2,116.9,3.47,1616.0,43.9,10.6,1
C,71.9,115.9,2.08,1404.0,65.4,9.1,1
C,65.1,118.5,3.84,1804.0,56.4,3.3,1
C,82.5,134.7,0.88,1519.0,49.3,12.2,1
C,82.2,100.9,0.19,1362.0,43.6,6.9,1
B,76.6,99.3,0.94,1774.0,40.4,3.2,0
A,79.7,112.5,2.22,1611.0,50.3,1.2,0
A,80.0,93.9,0.26,1760.0,40.9,4.5,0
A,75.4,147.6,0.79,1565.0,55.2,11.4,0
A,77.3,123.1,2.25,1439.0,29.8,6.4,1
C,75.6,122.1,1.83,1590.0,17.9,6.1,0
C,88.3,114.7,1.37,1507.0,44.9,8.9,1
C,74.0,114.0,2.29,1461.0,38.5,8.2,0
B,61.0,103.6,3.6,1499.0,47.9,12.5,1
B,73.5,123.4,2.91,1388.0,32.2,12.3,0
B,90.0,105.8,2.24,1591.0,29.6,3.7,1
A,68.8,106.0,0.6,1301.0,56.3,13.1,0
B,65.1,115.2,3.67,1504.0,51.3,8.5,1
A,73.3,114.5,0.46,1175.0,46.4,6.4,0
C,,126.9,5.35,1508.0,51.8,7.9,1
C,66.4,117.3,0.14,1605.0,51.9,10.3,0
A,75.8,107.6,0.74,1525.0,30.7,9.0,1
B,,83.7,1.59,1524.0,49.4,5.0,0
C,74.5,125.5,1.49,1654.0,39.6,8.1,0
B,67.1,100.9,1.98,1525.0,35.5,8.0,1
C,86.8,119.3,5.68,1580.0,36.7,8.2,1
B,62.3,126.2,0.35,1460.0,57.0,4.2,0
C,71.7,99.8,1.09,1551.0,32.7,8.2,1
B,67.5,114.5,1.12,1508.0,,0.9,1
C,84.6,83.2,0.66,1496.0,41.2,10.5,0
C,87.4,110.3,3.55,1549.0,21.8,15.5,1
C,71.3,118.7,1.28,1534.0,44.8,10.9,1
A,76.6,131.3,6.72,1477.0,43.7,8.7,1
C,74.8,118.1,2.89,1532.0,46.3,9.0,1
A,79.6,116.0,7.43,1294.0,44.8,7.8,1
C,67.6,101.6,6.35,1380.0,40.6,1.0,1
B,58.0,112.3,2.11,1378.0,44.1,10.9,0
A,72.7,106.4,2.62,1523.0,31.4,11.8,0
B,69.9,116.5,0.87,1525.0,39.2,6.5,0
A,69.6,103.8,1.87,1442.0,27.2,12.0,1
A,69.7,127.2,3.19,1501.0,39.5,9.3,0
B,64.4,103.5,2.06,1491.0,47.5,10.5,0
A,78.4,103.7,9.46,1579.0,42.0,10.7,1
B,,102.1,1.2,1557.0,49.3,10.2,0
A,73.5,112.8,3.42,1544.0,29.4,9.3,1
B,71.9,117.7,0.81,1430.0,34.0,6.2,1
A,70.2,104.1,1.54,1538.0,48.5,7.7,0
B,66.0,104.2,1.65,1536.0,25.8,11.1,0
B,81.4,117.7,5.54,1324.0,55.0,9.7,1
B,85.3,113.3,0.07,1419.0,26.8,9.4,0
C,67.2,92.2,0.41,1563.0,40.2,4.9,0
B,,87.7,0.64,1525.0,18.1,10.3,0
A,62.4,95.5,1.75,1556.0,41.0,6.5,0
A,76.4,103.3,3.75,1686.0,60.2,9.5,1
A,85.9,126.7,3.32,1536.0,50.8,9.8,1
B,75.2,118.0,4.03,1425.0,66.6,3.5,0
B,82.0,127.6,0.05,1422.0,41.9,4.4,0
A,56.1,103.4,0.58,1537.0,47.0,6.3,0
B,57.3,113.9,5.41,1339.0,52.4,4.5,1
C,85.9,91.8,0.65,1272.0,44.4,10.8,0
B,66.6,121.5,1.6,1505.0,48.2,5.7,0
A,70.6,109.4,1.96,1625.0,35.4,10.8,0
B,70.3,120.6,1.73,1708.0,52.1,8.9,1
A,89.0,111.6,2.65,1496.0,45.9,5.6,0
C,69.2,121.2,2.23,1660.0,18.5,9.3,0
A,64.5,130.5,1.16,1696.0,47.0,3.9,0
C,89.6,115.8,2.71,1683.0,36.1,9.0,1
A,74.9,128.6,0.61,1806.0,53.6,10.1,0
A,74.8,89.0,9.03,1411.0,46.3,7.4,1
C,63.3,109.9,0.55,1471.0,42.8,10.1,0
B,81.8,121.9,1.54,1779.0,31.5,4.8,0
C,78.5,116.1,0.81,1346.0,51.4,11.2,0
C,74.0,103.3,0.69,1561.0,44.5,6.1,0
A,69.8,96.3,3.61,1380.0,52.0,3.0,0
B,80.9,101.5,1.43,1536.0,72.2,5.1,0
B,75.8,105.8,3.03,1321.0,38.5,6.7,1
B,72.2,99.7,2.6,1441.0,55.2,8.8,0
B,61.9,99.8,0.61,1466.0,50.0,5.8,0
B,76.8,112.9,2.8,1604.0,56.0,4.2,0
A,91.4,90.4,2.62,1628.0,61.2,9.0,0
B,,99.9,0.86,1365.0,46.4,7.5,1
C,80.5,103.4,1.74,1525.0,41.6,8.9,0
A,74.9,122.5,0.44,1512.0,38.2,5.7,0
,73.9,134.6,1.89,1685.0,46.2,4.1,1
A,80.5,93.7,2.27,1777.0,58.9,8.5,1
A,70.5,143.5,3.19,1319.0,23.6,5.3,0
A,68.8,120.3,1.8,1611.0,38.5,10.0,0
C,64.7,101.6,2.96,1457.0,39.5,10.1,0
C,79.4,117.4,2.42,1390.0,53.4,3.0,1
A,87.8,118.9,6.78,1348.0,43.0,10.3,1
C,63.0,109.6,0.97,1276.0,37.5,6.2,1
B,73.8,96.6,0.37,1587.0,35.1,11.2,0
A,69.6,104.3,2.2,1580.0,56.4,7.6,0
C,73.4,102.2,2.42,1569.0,35.2,2.3,0
B,75.3,119.6,0.91,1624.0,50.1,5.3,0
B,74.8,119.5,3.03,1318.0,34.0,7.2,1
B,78.7,117.2,2.26,1559.0,32.8,8.0,1
A,76.0,84.1,2.76,1473.0,45.1,9.8,0
A,79.0,116.7,0.78,1478.0,42.7,11.9,0
A,65.9,95.8,0.38,1371.0,,7.6,0
A,82.5,129.3,2.17,1778.0,52.7,8.5,1
A,70.9,102.3,5.21,1610.0,40.3,7.3,0
B,73.5,79.3,3.11,1400.0,20.9,2.8,0
A,75.4,115.2,4.56,1423.0,50.9,5.5,1
A,72.0,134.6,3.95,1775.0,34.0,9.2,1
B,73.7,112.4,2.3,1613.0,51.9,9.7,0
A,81.2,100.3,0.54,1478.0,43.6,8.9,0
C,83.1,116.6,1.36,1400.0,30.9,10.5,1
B,78.6,120.4,1.14,1604.0,52.9,4.6,1
A,78.9,115.0,0.74,1619.0,54.7,8.0,0
C,64.0,120.5,0.63,1726.0,25.8,6.8,0
B,76.8,117.6,1.91,1375.0,51.4,5.2,1
A,60.0,125.7,1.65,1637.0,57.7,9.3,0
C,62.2,114.8,0.12,1522.0,45.3,3.1,0
A,65.7,87.1,1.18,1510.0,52.4,10.7,0
C,97.9,128.7,0.89,1599.0,43.2,6.4,0
B,73.3,106.6,0.1,1316.0,40.5,10.9,0
B,64.3,118.9,0.22,1190.0,45.1,8.3,0
,82.8,117.2,0.42,1582.0,30.4,4.8,0
A,82.8,106.7,1.89,1615.0,57.0,9.7,0
C,77.2,122.2,0.68,1597.0,50.8,5.5,1
B,,89.4,3.74,1581.0,36.0,6.9,1
C,67.1,114.6,2.27,1482.0,42.6,11.0,1
A,83.2,99.4,0.45,1501.0,57.8,9.9,0
B,62.9,111.0,1.36,1457.0,44.4,7.5,0
,69.3,128.8,2.73,1537.0,51.3,11.2,1
C,72.3,118.2,3.82,1563.0,46.1,10.3,0
B,63.1,112.6,0.4,1434.0,62.1,10.7,0
A,69.6,95.5,4.0,1451.0,48.5,4.3,1
B,90.7,113.7,4.31,1529.0,30.3,12.2,1
A,63.7,94.7,1.07,1431.0,39.8,8.2,0
A,84.7,99.2,3.3,1285.0,54.2,7.3,0
B,62.5,107.7,4.5,1456.0,34.7,6.5,0
A,69.6,104.5,2.69,1426.0,45.7,2.2,0
A,89.2,110.5,2.36,1506.0,42.0,1.8,0
B,84.3,92.6,0.18,1633.0,42.4,12.5,0
A,65.9,99.7,0.86,1308.0,58.8,3.8,0
B,84.9,92.2,5.62,1437.0,39.3,1.9,1
C,71.8,118.4,14.88,1563.0,33.7,7.5,0
C,82.6,117.0,3.34,1487.0,52.1,10.6,0
C,80.3,120.7,1.22,1578.0,45.0,8.3,1
A,76.2,97.0,2.62,1319.0,56.8,13.8,0
B,75.5,122.9,4.52,1536.0,41.0,6.8,1
C,71.5,105.6,0.21,1318.0,33.6,5.6,0
B,88.8,93.0,0.34,1580.0,51.7,15.5,0
B,72.7,115.2,0.8,1596.0,39.6,10.5,0
A,67.4,103.1,1.12,1479.0,51.9,6.3,1
A,78.8,128.7,3.84,1438.0,49.7,2.5,0
A,67.1,119.4,0.57,1459.0,40.9,3.5,0
A,73.9,99.7,2.98,1536.0,53.7,8.6,0
C,78.2,114.5,2.64,1470.0,44.6,11.8,1
A,72.1,93.4,2.72,1443.0,,9.1,0
B,68.1,103.9,0.7,1584.0,53.8,9.1,0
C,75.4,102.7,1.69,1777.0,61.7,1.3,0
B,74.2,131.2,0.84,1667.0,60.6,6.9,1
C,71.9,118.4,0.58,1520.0,46.8,9.2,0
B,68.4,105.5,1.36,1627.0,52.0,4.9,0
C,82.0,107.6,3.08,1278.0,57.3,9.0,1
B,84.1,118.1,13.26,1535.0,39.2,10.6,1
B,73.7,104.4,0.78,1685.0,52.7,14.0,0
A,69.1,120.0,1.72,1776.0,55.8,11.7,0
A,73.3,119.1,1.89,1543.0,73.4,9.7,1
B,65.6,108.4,6.88,1444.0,38.3,4.1,1
A,71.9,115.3,0.14,1346.0,51.9,2.1,0
C,74.6,110.0,4.39,1436.0,58.2,7.7,1
B,72.8,131.7,1.05,1509.0,72.8,5.8,0
B,73.3,111.3,3.22,1572.0,21.9,7.8,1
C,71.5,85.0,8.51,1639.0,46.7,9.8,1
A,87.1,127.9,2.12,1656.0,47.3,12.8,1
B,70.5,116.0,4.48,1540.0,45.7,9.8,1
A,68.6,131.9,0.25,1412.0,32.5,11.3,0
A,92.8,121.9,2.77,1404.0,42.5,12.3,1
C,59.3,103.8,0.52,1406.0,53.3,4.0,1
B,85.0,119.2,1.76,1276.0,54.1,4.1,0
A,72.1,102.9,4.86,1570.0,52.7,7.7,0
A,86.5,105.8,0.94,1387.0,53.0,4.1,0
A,93.2,113.2,1.33,1573.0,50.2,11.1,1
A,84.2,122.4,2.51,1395.0,46.7,14.0,1
B,70.0,117.0,0.08,1514.0,49.6,9.0,0
A,70.5,133.6,0.49,1462.0,56.7,7.7,0
A,65.4,121.5,0.39,1720.0,30.0,4.9,0
A,77.5,115.2,1.51,1745.0,52.0,7.2,0
B,,132.4,1.84,1541.0,47.1,5.5,0
C,69.5,89.2,2.15,1555.0,41.4,6.7,0
A,93.8,113.2,2.93,1475.0,56.5,4.4,1
B,72.1,95.5,2.49,1478.0,48.0,10.1,0
A,60.2,121.4,2.03,1458.0,44.1,10.7,0
B,84.8,103.7,5.62,1518.0,48.5,7.9,0
B,80.8,118.5,1.56,1548.0,45.3,10.3,1
B,82.4,103.7,1.37,1558.0,43.9,13.4,1
C,64.8,97.5,1.82,1574.0,45.1,10.6,1
B,76.4,153.4,1.83,1335.0,52.2,10.1,1
C,71.9,153.7,3.5,1660.0,60.1,8.3,1
B,84.0,116.1,0.76,1609.0,34.6,14.2,0
B,82.8,106.8,3.39,1588.0,,5.8,1
C,72.6,99.1,4.01,1226.0,49.1,7.8,0
C,76.3,126.0,0.94,1711.0,57.9,6.6,1
B,59.7,102.3,2.02,1467.0,48.6,7.8,0
C,71.9,122.4,3.62,1390.0,53.0,13.4,1
A,74.4,99.3,0.98,1323.0,53.7,9.5,0
B,78.6,109.4,1.47,1400.0,61.4,3.4,0
A,83.3,87.3,1.54,1541.0,52.3,8.3,0
A,66.3,122.0,0.68,1485.0,46.1,13.0,0
A,74.3,87.5,2.7,1602.0,25.9,6.4,0
B,90.5,110.8,2.41,1651.0,32.2,10.5,0
C,87.8,102.3,1.17,1736.0,30.7,7.3,1
B,85.6,128.7,1.63,1467.0,38.1,9.4,1
C,,110.1,1.76,1582.0,39.4,7.2,1
B,65.6,97.4,1.4,1588.0,,3.2,0
A,75.1,131.7,0.23,1696.0,37.1,14.6,0
C,70.1,121.5,0.67,1403.0,40.0,2.8,0
B,78.5,118.6,3.16,1395.0,45.8,5.7,1
C,79.9,93.3,1.23,1569.0,58.6,12.1,0
B,89.9,125.9,0.47,1475.0,42.7,7.9,1
B,70.5,88.8,2.21,1395.0,40.4,7.7,0
C,84.3,109.6,1.35,1441.0,46.7,10.3,0
A,89.1,91.5,1.95,1690.0,24.5,7.7,0
C,77.5,124.3,1.32,1580.0,35.6,9.1,0
A,76.3,103.3,4.94,1478.0,32.8,0.6,1
A,53.4,87.4,1.16,1581.0,50.9,11.9,0
C,,106.8,4.84,1637.0,42.5,7.7,1
A,79.7,128.4,18.44,1511.0,46.0,13.5,0
A,89.1,112.7,2.66,1525.0,38.0,14.6,1
A,67.5,89.5,3.08,1471.0,47.4,3.4,0
B,76.4,102.6,0.49,1651.0,45.0,6.5,0
B,69.7,126.1,4.25,1629.0,30.9,9.8,0
A,65.2,98.8,1.53,1399.0,42.5,13.1,0
B,104.4,101.8,0.24,1596.0,38.7,11.6,1
B,72.9,94.9,1.65,1448.0,39.7,5.9,0
C,90.3,110.2,0.84,1672.0,51.7,2.8,1
C,54.1,105.3,0.66,1494.0,41.6,8.7,0
C,80.6,101.1,1.13,1378.0,49.6,8.9,0
A,70.0,120.9,2.95,1460.0,42.7,5.6,0
B,82.2,107.7,2.47,1542.0,56.8,9.0,0
C,73.1,111.3,2.07,1430.0,,3.7,0
B,74.7,110.2,2.61,1504.0,44.0,7.9,1
A,75.6,110.3,5.64,1571.0,47.5,11.9,1
C,72.5,117.4,1.49,1326.0,44.6,5.2,0
A,78.6,99.6,1.28,1551.0,42.9,8.6,1
A,80.0,101.2,2.98,1402.0,45.4,4.6,0
A,84.5,125.0,0.9,1688.0,54.4,4.2,0
C,76.5,98.4,5.97,1318.0,48.7,5.9,1
C,76.1,120.7,2.0,1615.0,58.2,12.0,1
C,75.8,112.0,1.21,1545.0,48.0,10.9,1
A,74.2,108.5,2.64,1717.0,45.9,6.9,1
C,64.2,121.0,1.93,1469.0,33.8,12.8,1
A,68.8,122.3,2.13,1410.0,52.3,11.8,0
C,,108.4,1.15,1565.0,,2.7,1
A,82.6,99.0,2.0,1390.0,54.2,8.7,0
A,75.4,117.6,1.45,1604.0,40.7,6.9,0
C,82.0,107.3,1.82,1245.0,47.8,10.2,0
A,61.0,90.8,3.74,1502.0,47.2,10.0,0
A,79.8,110.5,2.18,1554.0,43.9,5.2,1
A,75.2,107.7,5.62,1544.0,20.3,7.8,0
A,73.8,111.4,3.25,1587.0,34.5,9.6,1
A,73.0,116.2,0.09,1344.0,45.9,9.9,0
A,71.2,129.7,1.05,1401.0,35.0,9.2,1
A,76.4,102.3,1.48,1624.0,43.9,8.0,0
C,82.2,136.1,1.07,1530.0,40.0,8.7,1
A,81.2,89.1,2.37,1515.0,19.1,5.8,0
A,78.8,134.3,0.5,1392.0,41.4,12.0,0
A,67.6,123.1,2.09,1378.0,50.7,2.2,0
B,63.7,118.7,1.16,1732.0,46.5,10.0,1
C,85.3,108.6,0.91,1581.0,60.4,8.7,0
,61.9,96.3,1.48,1608.0,28.7,10.3,0
B,66.6,101.3,1.8,1378.0,56.3,9.7,1
A,67.5,85.7,0.87,1484.0,48.3,5.5,0
A,75.8,127.3,0.81,1619.0,51.4,3.8,0
A,72.4,118.3,5.6,1281.0,,8.6,1
,72.5,101.7,3.18,1495.0,37.7,10.2,1
C,64.8,117.4,2.51,1622.0,60.7,8.6,0
A,55.6,105.7,2.62,1629.0,34.7,2.6,0
A,85.0,102.2,0.94,1652.0,44.1,10.9,0
A,83.2,113.0,2.43,1449.0,34.0,7.4,0
A,72.4,89.9,18.87,1557.0,43.7,3.4,1
B,77.8,108.0,2.57,1531.0,53.0,7.9,0
A,68.5,127.9,2.87,1431.0,49.8,12.0,1
B,81.3,99.5,2.37,1518.0,55.8,5.3,0
C,86.5,93.9,0.44,1648.0,50.3,10.2,1
A,,105.5,2.97,1296.0,52.2,9.2,1
C,59.9,115.8,2.83,1452.0,35.1,5.7,0
C,64.0,109.5,0.75,1595.0,34.6,10.1,1
A,91.9,118.6,1.76,1548.0,56.0,9.6,0
A,84.9,105.1,1.04,1658.0,51.2,7.1,0
C,63.9,120.2,1.37,1414.0,63.6,8.9,0
B,82.2,106.4,5.48,1560.0,48.3,9.0,1
A,61.5,104.0,1.38,1562.0,44.2,3.8,0
A,73.1,107.3,1.62,1290.0,66.5,7.0,0
B,67.5,134.5,2.09,1576.0,59.5,6.0,0
C,80.4,110.5,0.84,1495.0,42.8,8.4,0
C,80.8,116.1,1.26,1734.0,35.8,12.0,1
B,67.5,114.6,2.1,1269.0,28.4,1.9,0
A,74.7,99.6,1.8,1349.0,44.4,6.5,0
A,82.6,87.0,0.64,1511.0,47.8,6.9,1
B,92.7,100.3,5.14,1412.0,63.7,10.3,0
C,78.9,108.9,3.73,1157.0,49.0,10.8,1
B,80.7,103.6,2.91,1632.0,47.7,6.8,0
C,68.1,124.6,1.96,1449.0,,10.8,1
B,73.8,108.2,2.43,1527.0,57.0,7.6,1
A,91.9,123.0,2.66,1631.0,47.1,11.5,1
A,79.7,111.8,8.53,1535.0,,10.5,1
,76.5,112.4,3.75,1461.0,52.4,6.7,1
B,75.4,96.7,3.85,1344.0,52.5,6.5,0
C,90.4,120.4,3.43,1519.0,36.7,9.9,1
A,74.2,118.1,13.05,1597.0,57.1,10.1,1
,67.4,101.9,1.17,1526.0,31.8,7.0,0
B,72.4,145.1,4.31,1419.0,43.9,9.7,1
A,77.8,114.0,6.83,1362.0,41.1,9.1,1
C,78.2,136.4,2.53,1578.0,32.3,8.5,1
A,,106.9,1.54,1382.0,61.1,5.9,0
C,82.3,94.6,1.14,1720.0,58.2,8.2,0
C,79.0,108.5,0.49,1383.0,,7.6,0
A,84.6,112.3,1.19,1571.0,53.3,10.5,0
C,77.9,129.8,2.28,1320.0,,8.5,1
C,63.0,108.7,3.14,1568.0,45.3,11.6,1
A,68.2,105.2,0.32,1650.0,57.5,12.5,0
C,80.2,114.4,1.91,1380.0,35.7,7.8,1
B,66.3,128.0,2.1,1272.0,54.6,6.5,0
B,75.3,108.0,6.1,1407.0,55.0,6.9,1
C,66.5,107.1,0.62,1570.0,47.3,9.6,0
C,74.0,100.2,0.83,1426.0,49.6,9.4,0
B,93.4,101.5,1.15,1560.0,33.8,1.2,1
B,58.9,98.1,1.08,1457.0,50.1,6.4,0
C,80.9,76.1,0.21,1486.0,40.7,8.0,0
A,89.1,136.2,1.55,1434.0,61.7,5.6,0
A,73.5,97.7,2.38,1537.0,34.4,1.5,1
A,81.9,90.9,0.61,1481.0,55.5,5.9,0
C,81.4,108.5,1.91,1660.0,48.3,8.8,1
B,74.1,88.2,2.88,1436.0,41.7,7.0,1
,68.5,107.7,0.76,1427.0,,4.8,0
B,65.3,111.1,1.61,1518.0,39.1,8.5,0
B,79.1,117.9,4.13,1483.0,51.7,10.6,1
C,84.3,104.6,1.63,1696.0,54.8,5.0,1
A,73.1,100.7,2.92,1525.0,57.1,5.1,0
C,67.6,104.7,2.22,1441.0,49.1,7.6,0
B,80.6,115.6,2.94,1429.0,39.4,13.4,1
C,71.1,112.7,1.65,1605.0,54.8,8.3,0
C,74.6,107.6,1.7,1494.0,48.9,0.6,0
A,82.0,111.9,0.72,1350.0,38.1,10.7,0
B,68.1,107.1,0.4,1552.0,64.7,8.3,0
C,77.6,122.5,2.42,1560.0,48.7,2.1,1
A,57.3,113.4,2.55,1527.0,36.4,10.3,0
B,,87.2,1.97,1373.0,57.5,4.0,0
,77.2,104.9,1.84,1678.0,78.3,8.2,0
B,64.2,81.8,5.99,1297.0,48.0,6.0,0
A,78.1,112.7,0.99,1620.0,37.0,9.5,0
B,,86.9,1.06,1604.0,37.2,9.6,1
A,74.9,108.6,2.87,1657.0,27.1,2.3,0
B,67.4,98.7,1.05,1631.0,47.8,7.4,0
C,87.0,133.9,2.73,1415.0,70.3,6.5,1
A,68.3,123.5,3.34,1469.0,55.6,4.5,1
A,76.3,108.0,2.95,1534.0,44.9,12.4,0
A,76.9,93.5,0.2,1595.0,38.5,8.5,0
B,67.0,128.5,3.45,1515.0,53.4,6.5,1
C,77.6,118.4,2.84,1659.0,60.2,10.8,0
C,77.3,117.2,2.94,1651.0,38.3,10.2,1
A,73.5,96.8,2.96,1528.0,34.0,8.0,0
C,81.4,108.3,1.89,1389.0,44.8,6.4,1
,73.0,111.4,0.03,1492.0,58.3,11.3,0
A,,97.0,1.43,1672.0,31.1,6.2,0
C,92.1,110.1,1.6,1540.0,42.6,9.9,1
B,75.0,104.5,2.72,1492.0,34.0,8.3,0
B,76.1,119.3,2.12,1376.0,35.0,4.6,0
A,74.9,104.1,1.78,1534.0,49.9,6.4,1
C,,103.4,3.2,1359.0,47.0,8.6,0
B,64.9,93.2,7.33,1468.0,21.5,8.8,1
B,,104.9,1.71,1364.0,40.0,8.3,0
C,71.3,113.6,1.31,1727.0,51.7,3.0,1
B,72.8,128.2,1.07,1590.0,45.4,10.4,0
,71.2,92.4,2.77,1538.0,41.5,10.2,1
A,70.5,116.7,3.52,1518.0,47.9,8.6,0
C,82.9,113.2,3.84,1650.0,42.5,9.3,1
B,69.7,87.9,3.38,1477.0,59.2,7.0,0
A,86.7,116.6,4.59,1334.0,47.5,9.1,1
A,75.8,116.8,0.44,1537.0,53.0,6.0,1
C,77.7,122.7,0.74,1296.0,45.9,10.9,1
B,77.9,114.3,0.43,1451.0,33.9,5.1,0
A,70.5,98.6,2.02,1468.0,36.9,4.2,1
B,69.1,110.8,1.9,1568.0,42.8,9.8,0
B,78.6,111.4,1.58,1348.0,47.6,12.8,0
A,75.5,121.5,0.83,1498.0,10.2,11.0,0
B,85.0,110.3,0.65,1444.0,,8.6,1
C,74.8,96.2,1.15,1399.0,30.3,4.3,1
A,71.0,106.1,3.25,1400.0,48.0,4.1,1
B,71.2,109.0,2.97,1605.0,39.3,10.4,1
C,76.2,108.7,3.83,1755.0,53.6,9.7,1
B,76.7,101.6,2.38,1753.0,35.9,7.4,1
C,72.5,117.0,5.77,1526.0,36.6,6.8,1
A,,100.1,1.93,1652.0,43.9,8.9,1
A,88.4,112.9,1.14,1697.0,37.8,9.1,1
C,78.2,114.6,0.24,1637.0,41.8,9.2,1
A,71.1,127.8,6.23,1533.0,30.4,8.7,1
B,73.3,105.7,0.52,1531.0,46.8,5.0,0
B,72.3,118.3,2.29,1463.0,48.4,8.8,1
,61.4,124.3,2.22,1731.0,24.8,8.2,1
B,73.2,128.8,0.23,1402.0,53.8,7.7,1
A,79.4,118.0,3.45,1553.0,50.0,7.9,1
B,71.2,102.6,2.28,1549.0,41.4,8.7,1
C,65.6,114.0,2.56,1632.0,51.4,8.8,0
A,67.6,94.6,0.02,1500.0,56.1,9.5,0
A,88.4,118.4,3.8,1550.0,41.5,11.5,1
A,79.5,109.0,3.42,1199.0,48.0,11.7,0
B,67.1,100.0,1.88,1690.0,48.1,9.4,0
B,78.9,109.3,1.64,1583.0,47.6,2.5,0
B,68.6,121.7,1.06,1816.0,63.2,3.5,0
C,80.6,104.5,2.96,1450.0,46.4,11.6,0
A,62.7,121.4,0.65,1478.0,63.6,9.6,0
A,76.6,109.6,0.52,1504.0,50.1,6.9,0
B,80.4,96.0,0.96,1534.0,30.2,10.2,0
B,83.2,114.6,1.81,1528.0,41.7,10.5,0
A,71.9,116.2,1.09,1460.0,52.4,7.1,0
C,66.3,86.2,2.11,1489.0,59.3,2.8,0
C,,103.5,0.33,1558.0,55.3,12.7,0
C,79.5,115.9,0.4,1423.0,33.1,8.9,1
A,67.4,102.9,2.96,1291.0,50.4,3.8,0
A,73.7,109.2,3.09,1820.0,42.1,2.8,0
A,69.0,102.8,4.19,1530.0,43.7,12.0,0
B,83.6,108.0,3.45,1580.0,43.6,8.7,0
A,70.1,94.9,2.81,1362.0,56.7,7.3,0
C,83.0,131.9,1.15,1434.0,41.6,9.3,1
B,68.4,85.2,0.95,1432.0,44.1,5.7,0
A,83.8,126.0,1.1,1543.0,56.4,1.2,0
A,,108.4,3.92,1465.0,44.1,5.0,1
A,61.9,100.7,3.97,1538.0,66.4,4.4,0
A,65.7,111.0,2.33,1614.0,,6.2,0
B,73.4,114.8,1.97,1524.0,42.5,3.8,0
,64.0,106.4,1.47,1321.0,52.3,10.3,0
B,66.3,118.3,2.28,1511.0,32.9,8.6,1
A,74.1,115.5,3.1,1485.0,35.6,0.5,0
C,76.1,102.3,4.99,1486.0,50.4,9.0,1
A,84.8,92.0,1.35,1481.0,37.8,2.2,0
B,60.4,100.8,0.75,1566.0,52.3,10.1,0
A,83.3,116.4,0.35,1357.0,35.9,7.5,1
A,70.8,91.8,1.65,1450.0,49.8,2.1,0
C,64.3,126.7,0.27,1581.0,52.7,7.3,0
B,71.2,121.2,3.64,1366.0,48.3,7.4,1
B,85.2,113.6,3.76,1596.0,38.2,11.2,1
A,63.2,118.8,0.19,1844.0,41.9,10.0,0
C,77.4,125.8,2.07,1574.0,46.4,6.1,1
A,63.8,95.3,2.18,1542.0,56.1,6.6,0
A,56.1,101.9,2.67,1739.0,39.6,8.7,0
A,78.2,140.4,2.33,1475.0,39.5,13.1,1
B,73.4,121.2,2.54,1599.0,28.7,7.7,0
B,85.8,99.8,5.48,1782.0,47.9,8.9,1
B,72.6,128.9,4.43,1540.0,42.0,11.4,0
C,,121.7,0.74,1439.0,32.4,3.4,0
C,83.4,110.3,1.21,1503.0,53.3,10.1,1
A,78.1,120.6,0.24,1408.0,62.5,2.1,0
B,73.9,105.8,2.38,1494.0,39.4,7.6,0
A,78.7,125.0,1.26,1485.0,53.5,11.9,0
B,84.6,110.5,1.7,1543.0,37.4,10.1,1
B,81.8,97.4,1.91,1532.0,46.1,7.4,1
C,63.9,91.3,4.5,1554.0,56.1,9.5,0
A,71.2,88.6,1.01,1612.0,58.6,7.9,1
B,76.4,122.2,2.33,1544.0,39.1,9.7,1
A,,121.5,3.36,1735.0,48.6,3.9,1
B,75.1,112.6,3.05,1512.0,44.5,3.6,0
C,73.0,124.3,0.74,1531.0,38.4,6.3,1
A,61.9,106.1,3.39,1393.0,35.9,8.7,1
A,79.5,129.2,2.38,1696.0,55.4,11.6,0
C,73.1,123.8,3.03,1662.0,47.8,6.8,1
A,61.8,123.8,0.53,1733.0,15.4,10.5,0
A,87.0,110.1,1.13,1369.0,31.3,11.8,1
A,71.1,108.7,1.56,1694.0,57.7,12.1,0
C,78.2,119.8,2.7,1612.0,49.6,11.2,1
B,66.8,93.1,4.3,1589.0,45.2,10.3,1
A,75.2,103.9,0.86,1524.0,40.8,7.5,0
B,72.3,118.0,1.3,1581.0,43.9,4.7,0
B,88.6,130.8,4.83,1477.0,41.5,9.9,1
B,62.0,106.4,2.28,1326.0,55.9,6.2,0
C,78.2,143.0,0.6,1574.0,51.3,9.0,0
A,72.6,100.9,2.06,1435.0,45.5,9.1,0
A,79.2,102.7,0.44,1469.0,52.9,4.0,0
A,75.3,105.8,2.12,1525.0,49.1,6.1,0
C,70.0,104.3,4.59,1261.0,41.4,11.7,1
B,80.5,120.7,0.7,1524.0,51.4,4.7,0
A,73.7,91.3,2.2,1389.0,35.2,11.1,0
B,81.8,119.5,2.85,1365.0,56.6,10.0,1
A,77.9,86.9,2.92,1339.0,24.6,9.6,0
A,,126.4,1.58,1384.0,46.0,3.1,1
B,80.2,97.6,1.45,1529.0,57.0,10.8,0
C,58.7,112.9,0.81,1378.0,50.0,2.9,0
B,69.8,103.9,4.37,1731.0,45.0,5.9,1
B,78.0,114.1,1.01,1312.0,52.4,9.1,0
A,84.6,108.2,1.75,1497.0,50.3,4.6,0
A,68.7,125.1,1.1,1490.0,58.4,9.7,0
B,65.8,109.8,1.32,1544.0,37.7,11.7,0
C,85.0,107.1,2.42,1428.0,55.7,4.4,1
C,84.7,119.1,1.79,1867.0,42.7,10.8,0
B,78.0,101.1,4.36,1694.0,48.0,8.1,1
A,75.2,108.5,1.94,1579.0,33.0,9.6,1
B,67.8,132.1,2.3,1484.0,54.1,5.6,1
B,78.3,85.8,2.07,1569.0,24.0,16.2,1
C,68.5,118.0,0.64,1632.0,44.5,8.6,1
A,61.3,97.3,3.26,1613.0,45.4,10.7,0
,53.0,87.2,2.56,1588.0,47.0,11.5,0
A,78.7,119.4,0.7,1537.0,44.4,7.4,0
C,76.2,135.4,1.4,1265.0,41.6,6.0,1
C,55.8,105.0,1.62,1509.0,55.9,6.5,0
C,67.4,107.2,0.79,1365.0,33.2,11.4,0
A,66.0,109.7,3.28,1308.0,37.5,4.4,1
C,65.0,116.8,2.32,1490.0,35.3,6.9,0
C,60.7,103.9,3.72,1692.0,40.1,8.5,0
A,76.2,107.2,1.79,1633.0,49.9,10.4,0
A,72.0,112.3,6.75,1676.0,48.7,3.3,0
A,,98.8,1.05,1367.0,45.3,7.2,0
B,50.9,130.5,0.94,1530.0,35.8,11.6,0
C,86.6,126.0,0.78,1348.0,55.9,11.7,1
B,70.1,124.1,0.82,1751.0,62.2,11.5,0
A,84.9,93.6,1.38,1284.0,39.8,6.5,0
B,76.3,108.2,2.37,1452.0,42.5,5.9,1
C,70.7,127.7,3.19,1403.0,42.0,9.0,0
B,69.2,91.3,1.31,1350.0,44.0,7.5,0
A,75.2,124.3,0.15,1414.0,15.2,8.5,0
A,81.2,97.7,1.5,1414.0,39.4,4.4,0
C,68.2,130.0,1.66,1441.0,34.9,7.8,0
A,79.7,124.7,0.46,1609.0,39.1,10.3,0
A,62.1,99.5,0.59,1219.0,37.1,9.5,0
B,73.8,116.9,2.41,1650.0,51.8,7.4,0
A,82.0,89.8,1.28,1423.0,63.1,8.7,1
B,89.4,135.7,2.36,1641.0,67.3,13.3,1
B,96.7,85.8,4.43,1535.0,46.3,10.8,1
A,72.6,127.5,0.91,1382.0,33.2,7.5,0
B,69.1,106.4,0.83,1379.0,44.1,9.6,0
B,65.8,105.7,3.75,1478.0,,0.0,0
A,64.5,98.1,1.59,1498.0,43.4,11.4,0
A,63.5,116.4,1.04,1399.0,42.2,11.5,0
B,81.9,106.2,1.49,1571.0,46.1,14.3,0
C,76.1,92.2,1.85,1555.0,37.3,5.4,0
A,80.2,119.3,3.26,1569.0,40.4,5.1,1
A,68.4,114.2,4.01,1465.0,24.2,13.0,1
C,78.4,101.7,1.13,1522.0,61.7,6.1,1
A,76.3,110.7,2.54,1621.0,47.4,5.6,0
,80.7,109.4,2.66,1513.0,48.0,5.2,0
,73.5,122.2,1.16,1574.0,50.5,7.8,1
A,74.5,95.9,0.53,1607.0,53.4,8.2,0
C,70.0,103.1,2.97,1726.0,45.4,7.1,0
A,82.4,121.5,2.96,1363.0,53.2,9.8,1
A,,113.2,1.97,1419.0,47.6,5.6,0
B,68.3,126.4,5.5,1462.0,39.7,4.1,1
C,58.5,99.7,1.34,1539.0,38.9,9.5,1
B,80.0,83.0,1.37,1477.0,41.7,6.4,0
,68.1,99.8,0.6,1406.0,54.7,3.8,0
B,75.9,109.5,1.99,1573.0,51.8,8.3,1
C,73.6,105.9,0.04,1522.0,47.7,6.0,0
A,87.7,111.6,1.92,1546.0,51.1,10.3,1
B,70.2,118.7,1.07,1562.0,35.9,8.3,0
B,75.3,101.2,2.07,1733.0,53.8,4.8,1
